temp,humidity,windspeed,count
4.76,71.39,3.27,9
2.9,71.11,4.56,9
5.3,60.34,3.53,18
7.98,72.02,6.35,7
2.76,80.47,11.62,3
2.82,64.37,2.97,9
8.32,82.9,11.07,5
5.96,78.36,10.59,6
2.31,68.52,10.4,8
5.42,73.21,6.02,7
2.48,87.06,3.16,7
2.55,80.08,18.28,3
4.76,74.21,14.4,5
0.0,72.17,6.13,7
0.0,74.61,7.01,9
2.61,69.83,4.75,9
1.35,57.0,1.02,14
5.43,90.1,5.47,11
1.87,74.92,8.42,2
0.46,76.77,3.71,8
9.2,73.03,4.56,10
4.24,67.53,4.53,13
5.23,71.82,6.41,8
0.87,60.42,4.91,14
3.63,91.33,2.83,11
5.72,63.14,6.39,7
2.06,64.65,8.12,4
6.76,69.28,6.83,10
3.97,83.0,0.93,3
5.03,72.7,9.21,7
4.23,62.58,2.13,11
11.73,82.39,8.02,11
6.28,78.08,8.27,11
3.29,76.42,1.45,15
9.07,77.72,10.82,5
3.09,91.03,18.16,2
7.53,89.23,4.67,11
1.18,66.12,8.02,8
3.23,84.48,4.06,11
7.97,74.42,2.1,17
9.75,75.21,11.53,8
8.21,57.55,8.16,8
7.52,69.58,3.34,10
7.13,64.31,2.19,13
3.76,77.29,18.81,2
6.21,79.09,1.7,14
7.16,53.78,8.98,10
11.89,70.06,6.66,6
9.93,79.06,10.05,9
3.79,68.44,15.63,10
10.23,75.62,0.28,8
8.28,72.44,2.43,12
7.59,72.22,5.33,10
11.64,67.16,16.45,5
13.09,59.44,4.21,21
12.98,60.04,3.58,20
7.85,74.53,0.56,10
9.64,68.85,3.29,13
11.75,67.43,8.76,15
13.88,64.98,5.36,18
9.71,65.77,3.22,12
10.78,76.42,18.96,11
8.22,65.2,4.65,15
8.15,56.99,6.41,15
14.37,73.5,3.05,22
16.2,65.75,2.09,21
12.12,67.47,9.6,12
15.55,79.91,1.17,19
13.83,66.72,8.24,12
11.01,69.03,7.43,14
14.23,57.11,2.29,36
17.97,64.62,2.76,28
13.45,71.08,4.68,16
18.46,53.59,1.93,33
6.11,67.47,0.85,9
16.64,66.49,5.06,13
14.64,65.85,9.94,14
13.69,73.64,6.92,14
15.07,67.85,12.48,18
9.04,76.82,4.23,14
14.55,56.88,5.99,19
16.48,65.74,2.76,20
20.05,65.16,6.19,30
14.27,55.76,12.02,11
13.61,71.79,8.41,15
14.73,82.57,13.2,12
19.19,63.66,7.21,25
17.63,67.67,5.38,25
15.26,64.13,15.74,12
18.6,57.58,6.38,29
17.55,48.55,18.04,23
20.37,57.3,10.99,34
15.56,51.65,3.33,24
16.88,76.25,4.97,20
16.89,61.53,15.65,14
13.87,59.51,12.49,13
19.35,69.23,9.84,25
19.44,52.98,9.1,33
18.87,55.65,1.76,43
18.35,62.17,2.18,35
15.0,69.69,6.95,22
18.17,65.32,2.81,31
18.6,63.13,4.71,28
17.41,61.61,4.45,28
19.52,64.03,8.78,24
21.41,62.29,7.15,30
26.04,52.28,11.84,44
21.09,60.73,7.25,32
21.52,51.62,6.86,38
20.7,60.71,5.83,44
15.35,56.07,13.08,29
21.2,80.08,5.88,26
21.64,59.3,3.24,40
29.02,48.24,9.41,71
21.22,58.26,5.34,37
22.87,63.35,10.89,27
22.03,72.44,14.03,16
18.8,54.2,4.98,37
25.89,46.12,13.7,45
24.88,65.18,11.09,32
25.16,47.47,3.74,66
20.21,54.89,2.86,33
27.3,56.19,2.65,57
19.04,57.57,2.13,32
25.15,63.52,12.81,27
30.11,52.41,5.04,70
20.71,55.57,3.37,40
22.13,57.53,3.93,46
24.26,58.73,8.49,43
22.59,58.2,16.66,27
19.58,60.79,3.79,36
24.57,63.95,10.24,31
21.3,60.23,5.86,34
26.04,60.62,8.56,41
21.98,44.23,3.0,47
29.51,57.19,9.51,61
22.62,60.52,4.73,44
24.12,62.43,4.08,48
27.64,50.96,5.69,63
21.61,51.14,8.93,38
26.09,51.73,5.15,58
29.43,60.53,4.11,62
20.79,64.43,5.29,30
26.26,52.82,5.19,67
26.58,63.27,8.43,45
28.23,56.92,4.33,63
22.26,54.86,4.24,40
22.09,54.1,3.03,46
27.7,61.7,8.81,51
27.1,58.27,6.48,51
27.03,73.81,13.03,39
27.39,48.73,11.92,54
24.37,59.63,6.95,45
27.17,51.2,5.42,63
27.41,48.43,5.88,58
24.45,55.26,3.56,61
32.24,56.4,3.05,101
28.11,78.6,2.69,49
23.16,53.75,5.08,42
28.75,46.15,0.35,100
23.89,57.34,16.23,29
29.21,38.53,2.44,82
30.35,54.37,19.19,44
24.44,55.21,2.47,48
29.82,61.41,5.9,67
28.19,62.83,7.76,39
29.43,51.0,6.29,52
32.67,53.81,3.78,94
26.25,48.88,3.63,69
24.74,45.98,10.32,37
24.33,57.48,13.29,38
24.55,44.81,1.08,60
26.76,51.69,7.05,60
28.01,47.05,8.98,50
27.81,59.42,6.7,44
29.44,69.44,1.68,65
26.98,44.64,8.49,48
31.28,40.24,12.09,82
26.1,54.09,2.99,47
35.02,55.24,3.74,122
28.71,56.89,6.78,59
24.22,51.6,5.54,52
23.54,53.6,3.76,40
28.16,58.18,2.08,72
26.0,63.6,4.02,52
28.76,39.68,0.66,106
27.98,52.41,9.09,51
26.29,57.12,3.29,59
23.9,48.12,10.12,43
21.84,69.37,4.91,29
24.97,50.49,6.49,46
28.81,55.3,1.3,82
26.81,60.14,9.57,37
22.35,51.03,26.89,13
26.53,41.05,4.35,72
27.08,52.46,6.4,54
23.19,64.2,7.01,30
26.21,53.35,1.83,64
25.83,49.35,2.34,67
22.13,63.61,8.62,22
26.53,53.64,2.99,61
27.04,52.29,4.88,59
28.5,57.65,6.51,52
28.3,62.71,8.84,46
20.9,75.69,5.09,24
22.1,63.35,5.2,43
26.34,66.11,24.19,29
26.22,52.89,11.26,31
26.1,48.83,4.45,61
35.99,57.64,5.24,106
26.01,58.11,18.44,33
27.57,48.73,8.86,53
26.89,56.07,12.27,47
25.85,60.78,4.36,51
22.81,60.59,3.96,52
25.89,61.86,15.56,19
21.15,60.27,5.55,25
22.61,54.01,5.49,43
21.71,54.08,4.13,36
23.26,48.73,11.94,34
29.81,72.73,6.75,62
17.1,58.69,2.21,34
24.6,56.91,3.76,35
17.55,51.42,13.68,29
20.8,82.47,6.87,15
25.32,50.54,12.03,45
22.08,55.83,7.82,32
18.48,62.73,2.5,31
19.4,64.35,8.44,18
23.41,67.36,5.65,37
19.0,74.3,3.85,31
21.66,64.04,4.12,31
20.97,51.69,11.82,34
18.7,58.23,7.04,42
26.9,62.9,6.68,49
22.19,77.14,16.61,11
14.02,49.57,3.33,16
20.47,70.53,5.45,26
17.74,62.5,3.58,29
22.09,67.93,8.32,29
16.96,60.57,6.77,36
18.8,54.8,4.43,45
20.47,67.71,4.87,31
21.35,67.1,11.03,16
14.96,69.81,13.0,17
17.36,62.09,3.74,29
16.74,57.56,27.64,10
16.0,50.06,1.78,40
23.06,69.25,2.41,34
18.78,66.26,4.7,40
13.58,55.31,3.18,29
19.91,58.89,2.86,34
23.32,59.64,12.79,34
19.85,51.68,8.54,33
11.99,57.17,6.26,24
14.89,54.81,3.86,28
19.94,60.75,2.5,37
13.81,58.32,2.4,22
17.05,51.38,12.75,22
17.84,80.75,12.4,15
12.53,74.76,4.79,17
14.92,58.68,1.64,29
5.17,67.27,9.06,7
11.62,68.6,4.81,14
13.73,74.96,11.35,13
10.53,59.05,2.36,17
18.97,74.51,6.23,24
9.58,61.56,2.17,25
12.34,55.43,3.26,19
13.85,72.08,3.19,19
17.57,76.78,4.73,23
8.74,87.33,13.48,6
16.33,57.2,6.47,27
12.67,72.56,10.1,18
9.49,63.86,6.18,10
13.62,73.57,4.24,27
12.63,55.71,0.79,25
10.04,57.53,2.48,28
11.85,61.6,5.83,25
10.28,68.6,6.61,16
11.58,63.0,11.38,16
13.03,73.57,1.24,13
15.61,76.67,21.58,7
6.95,73.41,0.78,12
16.87,81.73,5.56,23
4.42,72.26,3.64,16
9.63,59.36,2.52,18
11.66,80.16,15.93,5
10.56,64.56,3.76,19
7.66,76.84,1.14,11
8.72,82.3,1.89,9
7.69,73.52,12.33,8
7.22,58.04,1.98,20
11.36,62.81,1.53,20
9.7,80.89,6.71,8
6.38,69.1,4.71,11
10.98,71.23,8.1,14
9.04,76.81,4.25,11
10.39,76.45,9.68,21
9.67,73.25,1.71,14
5.13,69.48,1.41,9
5.77,68.79,7.16,11
9.54,78.28,4.71,13
8.97,75.98,4.07,10
6.92,69.62,9.06,7
7.18,80.46,23.62,7
10.51,70.9,13.81,10
4.76,65.24,9.33,4
8.03,66.11,3.92,16
5.64,64.47,16.73,4
5.45,70.23,1.9,13
9.26,82.4,7.9,11
8.31,66.2,5.03,18
8.14,74.26,3.92,8
9.49,67.6,2.17,23
5.51,70.88,29.85,2
7.37,60.98,3.9,8
4.27,71.4,0.46,5
6.06,71.71,10.42,6
4.58,77.68,7.41,8
5.15,75.24,4.66,11
6.53,63.96,4.31,14
2.19,82.31,5.47,4
10.82,75.4,10.48,8
1.42,75.39,7.49,13
0.7,73.81,8.4,7
7.72,69.82,8.39,8
6.53,75.78,10.81,10
5.95,77.91,13.02,9
5.87,60.2,3.31,12
3.87,69.93,6.7,8
1.14,72.27,12.61,4
3.98,76.42,3.29,4
1.66,83.97,14.58,2
6.55,68.31,3.27,12
3.11,70.55,7.69,7
1.02,70.49,4.73,6
2.47,68.22,4.13,9
4.62,71.9,8.1,11
1.64,80.89,13.1,5
0.82,66.33,4.64,3
3.98,78.22,13.9,3
3.94,61.21,3.17,18
1.65,70.37,13.23,6
1.72,72.25,6.32,9
3.8,88.31,7.35,4
0.0,72.73,2.11,9
0.0,57.34,3.99,7
0.88,58.98,5.71,8
2.38,75.25,12.12,8
3.95,79.9,4.94,9
7.43,78.0,2.95,15
5.57,76.34,6.92,8
2.52,84.3,19.96,4
2.95,70.68,7.48,4
0.0,82.15,4.9,4
2.96,61.93,6.96,8
2.17,67.73,2.77,10
4.02,60.5,15.18,11
0.59,72.74,15.01,1
4.65,74.55,2.67,9
7.72,75.81,14.76,8
2.83,75.37,7.01,6
4.39,67.42,9.46,11
5.29,73.29,5.8,10
2.06,62.8,6.14,8
3.98,85.65,3.52,8
3.4,72.27,2.71,6
3.7,70.75,2.59,12
1.15,87.32,12.37,5
3.6,64.62,6.67,6
5.08,65.51,2.82,17
8.01,65.69,6.27,12
6.6,73.86,1.21,15
10.25,77.79,2.77,10
1.57,80.19,13.2,4
6.57,94.79,3.83,8
4.58,56.15,12.12,8
10.69,78.94,5.44,24
1.78,69.54,9.51,8
1.78,69.23,2.19,10
2.59,68.88,8.52,7
0.0,66.49,0.57,6
3.01,87.15,4.13,9
2.42,80.33,13.68,6
5.25,73.68,5.98,14
5.94,84.21,2.65,6
10.65,61.21,12.91,14
7.99,62.57,21.57,7
3.53,55.69,4.79,10
2.69,67.42,1.31,13
6.98,74.2,6.04,12
1.68,73.63,9.91,7
11.26,73.89,5.0,26
9.44,61.29,0.68,15
4.63,78.89,9.22,9
1.04,74.27,3.18,6
10.38,78.1,4.08,22
6.12,56.97,1.38,19
10.32,74.49,0.4,12
1.97,62.37,2.12,9
5.11,68.57,3.79,12
7.08,75.89,3.72,13
7.36,72.22,15.65,5
6.02,64.54,2.38,10
9.4,71.27,11.42,13
4.5,58.83,6.51,16
7.44,80.15,17.18,3
8.39,69.17,5.51,11
9.74,79.62,0.78,18
10.51,66.31,5.14,12
5.17,66.19,0.43,8
4.12,64.12,2.08,16
12.73,77.1,5.2,16
10.07,64.26,5.3,22
7.01,74.94,11.15,7
14.09,66.58,8.02,16
9.97,53.67,16.07,13
13.34,64.77,11.15,15
10.2,59.74,10.21,15
16.36,69.29,20.41,8
15.64,59.33,10.77,26
9.82,76.11,14.3,8
13.67,67.81,1.22,20
12.89,66.95,4.55,17
15.25,73.46,7.78,16
8.45,75.76,6.18,10
13.6,67.72,3.08,17
14.91,61.55,10.3,18
6.66,53.36,12.03,10
8.59,61.9,5.48,23
6.22,62.28,4.74,10
11.73,67.91,3.86,22
14.89,64.12,10.6,16
17.45,72.22,4.66,15
13.37,61.64,6.03,29
18.24,65.92,13.29,10
9.42,75.67,7.24,11
8.65,68.77,6.03,12
13.8,65.38,3.6,20
15.33,60.87,5.78,17
14.28,60.45,3.17,26
8.38,58.54,6.92,14
14.53,60.84,3.99,23
11.09,71.05,4.43,17
17.22,63.05,5.81,19
16.51,53.86,17.43,14
12.8,78.63,7.68,12
14.28,66.87,2.11,24
12.85,52.88,4.66,23
16.05,60.43,3.68,26
19.31,64.69,3.54,26
13.69,77.26,3.65,15
18.36,54.59,4.77,29
15.46,71.1,3.24,18
14.88,74.31,3.25,18
17.14,57.92,3.69,30
14.56,60.56,3.54,20
16.2,54.32,2.83,31
14.47,60.82,8.94,16
24.16,61.99,4.27,32
18.57,67.39,4.95,26
16.56,70.67,4.65,28
19.5,55.8,3.42,50
18.71,45.89,2.73,43
18.58,61.29,9.56,17
21.28,63.65,2.88,42
21.9,63.14,3.0,37
18.23,58.37,11.58,26
18.28,61.83,3.74,36
19.37,72.8,5.78,22
13.47,63.57,4.47,20
16.02,57.38,5.61,24
24.85,56.21,15.33,29
25.86,58.7,3.17,55
20.36,73.01,8.96,24
23.01,58.3,9.53,37
22.39,59.46,9.04,32
30.87,55.62,14.88,38
25.16,68.12,0.71,40
21.59,74.87,1.63,28
19.27,62.66,2.68,36
17.48,59.58,3.92,30
23.07,59.07,7.0,31
20.36,39.57,2.81,44
18.52,64.47,2.79,32
21.0,59.46,6.22,31
19.85,61.68,8.24,34
28.31,52.44,5.7,53
26.04,54.93,8.54,50
23.52,54.6,1.32,58
28.12,65.94,3.24,56
24.06,54.62,2.57,58
21.38,74.19,3.74,27
28.67,60.86,5.47,53
25.85,47.1,1.02,66
21.25,56.17,3.71,35
23.92,51.88,3.22,45
21.99,39.43,1.45,66
20.59,69.68,8.69,26
27.64,62.41,5.67,57
30.7,60.95,3.76,68
20.89,57.92,16.69,31
26.89,45.45,1.59,75
23.35,52.54,17.31,20
23.95,63.06,4.74,35
23.73,47.83,3.0,54
23.02,35.91,3.84,66
25.85,54.26,4.18,57
23.3,54.87,18.83,28
26.7,57.01,7.03,56
25.82,61.69,2.21,59
25.33,60.89,9.52,41
23.41,57.79,4.21,52
24.48,65.23,0.26,54
28.54,43.45,9.35,77
27.85,59.58,9.53,40
23.48,60.5,4.4,45
26.77,45.52,3.38,85
28.79,43.37,10.2,57
21.58,49.38,3.23,52
28.27,50.01,11.81,55
24.7,61.29,3.3,51
28.45,50.31,5.18,60
24.49,48.34,7.56,55
21.4,50.26,6.46,36
21.97,64.08,3.06,45
27.02,55.21,7.25,50
27.69,53.64,9.2,53
24.22,54.18,2.32,60
28.87,65.38,7.71,54
21.98,49.03,5.05,41
26.78,65.54,2.46,65
23.36,56.69,7.03,43
25.04,53.72,9.94,49
27.14,75.01,3.56,42
24.42,46.56,7.29,40
25.84,52.18,4.18,66
30.01,45.15,8.61,65
25.24,62.64,11.22,37
29.47,68.55,6.76,49
23.55,68.41,9.14,32
28.51,64.86,10.28,40
31.22,53.51,3.54,74
19.45,52.19,4.12,26
24.44,41.77,7.43,50
28.53,71.46,12.95,36
26.15,58.96,1.96,64
27.83,51.3,8.02,73
24.85,65.9,12.23,31
26.88,47.54,4.93,59
26.09,58.62,5.58,47
30.01,54.03,5.49,65
27.21,60.57,5.25,60
27.39,55.01,2.98,69
25.08,43.96,5.08,61
24.78,56.24,3.07,54
24.87,64.08,8.72,41
27.27,55.52,1.14,67
24.75,62.03,10.01,28
26.8,47.53,11.07,45
32.07,55.76,6.41,65
28.36,51.05,16.44,45
24.68,62.1,7.64,43
29.16,56.45,7.01,53
24.24,61.8,1.08,47
19.24,65.07,11.55,28
22.23,61.99,2.7,38
19.53,58.73,2.42,31
23.98,48.66,6.61,49
24.97,56.71,3.08,49
29.83,52.57,4.88,74
25.66,54.18,12.16,48
23.9,54.04,15.19,33
26.92,49.3,3.56,65
17.67,41.59,5.03,46
24.87,52.02,22.17,22
26.34,59.02,15.1,46
19.46,46.8,10.42,33
27.19,57.83,3.07,59
24.63,73.03,3.61,53
22.22,66.13,10.35,21
25.22,71.22,0.91,45
29.98,61.32,11.67,48
23.56,67.66,13.67,31
23.61,52.66,4.48,45
21.33,53.42,15.35,33
20.0,36.8,7.88,38
24.87,68.34,2.11,34
19.65,71.31,6.17,25
22.27,54.7,3.35,38
20.45,57.23,6.76,28
23.15,53.37,1.97,52
22.54,62.61,16.12,20
24.48,68.69,8.63,33
19.66,45.9,4.1,59
20.21,63.26,6.89,28
17.9,57.92,5.64,31
19.32,61.2,16.5,17
21.6,64.11,5.56,36
22.56,59.09,6.6,37
17.33,59.92,1.7,31
22.52,59.2,6.72,38
23.79,68.83,7.67,36
20.77,64.57,2.4,38
24.97,63.15,9.47,39
16.83,51.38,0.8,34
15.22,58.68,5.0,23
13.42,69.06,1.63,18
23.05,62.33,5.98,33
20.33,67.47,4.27,37
18.0,76.5,8.06,14
18.8,70.84,5.5,24
14.39,63.44,7.91,16
24.9,58.78,6.08,55
17.75,42.6,12.06,33
17.49,61.86,10.92,23
19.13,60.76,3.2,42
18.19,66.66,11.45,18
17.22,62.48,7.63,26
13.97,61.32,12.82,15
17.55,49.82,2.48,47
21.57,56.71,1.96,49
19.76,68.21,1.99,23
20.3,78.3,15.32,12
13.78,63.96,12.99,14
12.13,67.54,10.91,11
14.52,72.71,1.76,18
14.86,58.77,10.99,24
17.77,68.36,1.87,26
9.2,59.68,0.27,22
18.66,72.69,4.2,26
13.39,67.16,5.1,12
12.38,68.5,14.1,13
10.42,60.03,2.45,29
8.29,72.11,23.27,6
15.52,83.31,6.73,18
13.06,58.73,5.36,30
8.77,64.25,5.34,17
8.55,68.99,1.95,15
11.23,73.59,4.49,8
17.04,62.99,7.1,19
11.06,44.97,11.15,19
7.13,78.68,4.35,11
10.7,74.05,6.68,15
10.42,54.19,10.01,18
2.96,63.43,4.24,7
10.69,81.0,11.64,10
9.97,80.2,8.68,8
12.56,76.29,10.41,15
15.82,67.53,0.99,34
13.47,69.76,4.66,18
9.09,68.2,3.47,21
6.39,78.43,0.76,15
17.25,62.55,10.97,25
9.52,63.27,1.43,20
9.21,77.94,14.43,8
8.91,69.66,5.63,16
9.4,81.19,8.11,9
8.2,64.94,3.55,17
6.74,70.01,11.59,11
6.64,63.22,5.47,7
8.02,70.8,8.43,8
6.32,59.05,12.44,7
5.64,67.12,9.24,12
7.94,59.66,4.27,12
6.69,76.84,5.5,7
11.81,77.15,10.65,14
0.0,57.71,4.73,8
10.26,82.35,5.88,7
10.57,91.79,7.31,11
0.46,72.3,3.56,10
5.5,66.93,5.42,15
5.27,94.77,6.69,9
2.02,61.74,6.6,5
3.77,72.57,6.44,6
2.64,73.96,4.38,10
11.09,83.4,6.92,8
8.51,75.63,13.88,2
9.39,68.87,5.48,13
7.61,65.35,6.86,7
1.94,70.33,5.41,4
3.63,65.11,13.4,9
6.55,73.65,4.74,10
1.3,68.85,2.75,15
7.0,61.5,9.47,10
4.03,83.58,4.56,8
3.52,69.65,9.11,6
6.67,63.57,3.99,14
5.77,72.45,2.23,14
3.26,74.43,5.62,8
7.73,59.99,1.58,18
0.92,76.69,7.2,9
5.92,65.73,10.31,7
5.77,87.86,19.02,4
2.98,78.43,3.86,5
4.81,71.11,3.15,7
0.0,68.41,10.14,5
6.46,73.59,9.65,6
3.06,79.39,10.09,4
1.99,74.33,19.21,3
6.64,72.85,5.88,9
1.33,75.1,21.78,3
0.0,69.85,4.44,6
0.0,71.98,3.38,5
5.11,58.07,3.12,11
0.0,82.59,2.96,9
8.47,77.22,19.81,0
0.0,68.67,12.93,7
8.23,90.08,18.67,6
3.74,75.61,0.93,7
2.79,66.64,1.85,11
1.42,81.8,4.58,5
4.24,78.15,4.04,6
2.91,78.14,6.88,11
6.32,71.58,5.99,11
3.35,78.6,2.4,9
3.45,72.91,3.69,7
1.91,79.45,4.79,7
2.83,59.76,2.07,7
3.93,71.52,5.28,4
0.0,88.76,2.2,1
0.0,68.84,5.17,8
5.28,70.13,2.73,7
3.58,71.36,10.96,7
2.54,65.2,7.87,9
3.18,57.23,7.73,5
4.19,73.03,9.54,8
1.57,75.93,8.17,4
0.89,74.39,11.01,8
3.85,73.62,6.46,11
0.38,75.09,9.45,4
4.58,82.88,7.56,7
0.0,73.13,7.52,5
6.55,70.02,1.47,13
4.94,72.31,2.45,12
4.36,79.15,6.93,4
6.6,85.75,3.13,12
8.72,69.37,5.49,16
6.84,75.13,3.8,11
0.0,76.98,3.92,4
0.11,66.27,5.97,8
2.16,74.3,4.68,11
4.19,62.34,14.26,6
5.76,59.84,1.63,16
2.12,76.85,8.62,13
4.95,70.77,9.82,13
2.22,75.38,14.91,5
2.76,73.53,6.08,9
0.47,65.78,9.16,9
2.03,73.14,14.14,9
0.86,63.54,3.55,11
2.1,84.44,2.74,9
8.3,62.37,6.29,12
2.41,71.55,4.87,7
13.28,64.68,9.29,10
6.99,77.47,1.73,14
6.19,70.15,13.53,6
3.19,68.54,6.98,6
8.0,79.41,4.76,10
4.31,72.71,5.8,7
6.54,76.49,11.45,7
14.0,64.39,8.28,22
6.17,60.88,5.71,14
10.05,72.85,4.96,10
4.65,69.32,5.14,7
6.8,76.76,9.02,6
12.37,70.98,4.66,13
5.34,73.13,8.54,4
12.81,58.37,2.82,21
9.66,86.33,3.23,6
6.01,69.77,5.66,9
9.76,76.53,4.93,13
10.95,64.12,3.4,26
10.07,73.13,2.19,16
3.66,60.1,3.0,6
6.36,74.0,15.76,9
7.98,67.39,3.39,9
8.67,70.32,5.99,14
10.94,75.52,3.39,18
9.79,59.93,4.57,14
5.43,64.16,10.52,10
10.76,73.14,4.85,17
11.64,86.11,4.42,13
11.67,68.07,3.55,18
13.42,73.74,4.7,17
12.87,68.0,7.55,17
11.94,84.24,1.06,13
10.55,54.56,1.9,17
5.97,69.13,7.68,8
12.43,55.21,5.92,22
11.96,48.0,3.7,18
12.35,70.26,7.99,17
7.91,68.84,4.25,20
8.69,65.27,10.42,13
15.3,66.54,3.58,24
12.22,92.01,2.76,12
14.58,64.99,25.28,10
12.83,70.96,9.04,17
13.03,61.52,3.08,21
15.96,68.9,4.27,21
11.8,64.47,3.59,16
13.85,62.92,1.32,21
12.38,80.58,4.48,21
12.66,75.28,6.36,16
13.25,66.78,13.79,13
15.05,47.08,5.29,29
13.15,62.46,3.98,22
18.56,86.8,14.92,15
12.32,63.15,12.89,17
14.65,73.65,6.33,21
14.09,76.19,5.9,12
19.96,66.24,7.49,24
16.42,57.58,3.54,29
19.13,44.66,5.73,41
11.78,69.44,3.43,21
17.24,57.28,13.17,18
19.32,65.04,2.87,25
17.1,53.46,6.69,17
20.25,61.17,6.92,37
15.71,63.39,13.88,18
21.69,65.1,3.94,40
24.56,53.86,3.32,56
16.78,72.19,8.71,26
16.73,57.67,7.95,17
22.62,48.88,18.95,33
23.2,61.24,6.41,31
17.09,62.23,12.99,19
17.59,63.07,12.06,18
18.2,72.52,3.3,23
15.21,59.57,1.53,24
16.68,60.35,4.54,29
16.62,52.32,10.15,17
17.51,67.55,14.03,20
19.9,62.3,0.09,33
20.9,57.31,2.86,38
25.03,45.28,7.49,59
17.57,71.92,8.96,13
23.7,50.39,2.51,51
20.28,55.33,3.42,44
20.96,62.78,1.23,41
23.31,50.19,16.08,31
18.09,47.67,6.72,33
22.78,42.48,3.39,49
22.3,65.1,12.43,20
23.45,54.83,6.72,41
23.0,82.47,13.87,35
29.67,50.96,15.16,60
20.55,51.41,2.51,43
21.03,54.12,12.92,29
20.91,60.46,12.61,24
21.27,54.62,8.0,32
21.18,63.15,8.45,26
26.81,50.3,6.38,46
27.66,46.95,2.1,75
21.83,43.5,1.95,48
21.19,39.97,16.51,32
25.24,53.5,6.71,48
22.31,55.12,4.78,36
26.0,52.37,8.81,65
24.84,67.25,3.28,54
19.82,67.02,4.13,41
29.13,54.41,5.93,63
30.0,42.64,3.73,97
22.9,52.35,8.22,40
23.69,51.99,5.26,45
25.83,51.43,8.18,51
26.09,51.01,8.72,55
27.17,51.27,12.22,52
31.34,53.32,4.55,88
24.88,51.24,2.46,64
23.12,57.91,13.87,29
21.47,59.04,1.12,26
23.51,48.8,26.28,23
25.7,66.17,3.55,45
31.27,48.09,5.31,87
24.42,42.92,2.13,63
26.72,58.84,6.3,52
26.08,49.19,3.7,56
29.77,58.23,2.19,81
33.86,36.37,1.75,143
24.75,66.68,3.06,41
24.94,60.87,9.37,45
29.61,43.43,8.27,87
28.58,43.56,2.59,80
32.13,68.72,4.39,76
28.39,49.4,10.94,42
25.61,48.59,4.52,79
28.51,37.09,14.11,52
30.1,52.38,22.24,33
29.28,53.33,3.09,90
28.37,60.85,3.43,64
30.08,43.91,15.52,51
30.41,42.92,4.46,97
31.08,58.67,11.46,56
28.9,63.09,6.68,51
26.47,42.46,4.94,59
27.42,63.67,9.04,27
30.61,55.31,15.66,52
24.55,63.74,12.7,21
28.11,54.44,5.55,64
25.82,34.82,6.82,65
27.08,53.79,11.52,37
30.82,63.49,7.12,81
27.55,47.87,17.18,42
27.1,51.93,0.54,54
22.86,53.64,3.24,55
29.16,31.87,8.53,80
28.83,68.46,4.03,62
33.35,47.9,16.0,54
25.91,59.19,3.43,51
27.45,54.48,6.3,57
27.5,65.26,3.05,56
31.44,58.49,5.4,73
26.38,53.4,1.05,50
27.45,48.17,1.66,73
28.39,61.75,21.45,41
27.06,40.43,5.91,65
25.1,60.63,4.33,46
26.96,46.72,2.13,67
29.53,65.59,2.49,48
23.16,56.92,19.84,19
26.57,60.85,6.19,53
23.99,56.41,12.45,38
29.6,41.81,3.61,106
21.36,49.01,17.97,20
24.16,61.35,3.84,43
26.88,57.37,2.35,55
30.35,65.57,7.99,56
25.36,59.43,1.42,54
23.79,48.55,1.09,65
31.0,50.0,16.01,48
20.91,57.28,3.03,44
18.55,38.04,9.12,37
26.35,70.03,20.36,21
23.41,60.27,6.03,52
21.73,66.65,8.9,35
26.8,44.29,1.07,85
25.29,66.99,2.78,40
22.74,75.0,17.8,20
20.46,46.68,4.36,46
26.78,63.53,1.71,48
25.98,57.48,8.57,47
23.6,45.23,14.36,44
29.29,61.65,3.85,53
20.4,64.49,8.58,28
18.89,53.14,11.17,25
21.24,67.39,5.01,38
23.03,44.86,4.43,48
23.75,46.36,19.86,24
22.14,59.54,1.86,51
23.76,58.78,6.46,47
18.79,52.98,5.36,30
26.71,65.32,5.32,47
21.97,63.23,10.73,37
25.41,65.99,9.04,46
22.91,58.28,7.3,27
23.09,64.22,1.09,37
23.25,55.98,2.57,57
22.71,76.12,4.73,23
23.12,53.34,6.27,37
25.0,76.83,17.65,20
21.42,60.42,6.15,41
22.78,49.28,10.37,41
20.2,71.39,5.52,25
24.61,61.6,9.76,42
18.07,67.56,5.87,23
25.32,70.7,2.18,48
19.6,63.77,8.86,25
15.24,56.48,8.21,22
19.72,69.19,1.46,26
17.1,61.55,5.52,27
21.47,67.19,5.48,35
16.8,44.64,3.48,37
17.22,65.61,2.06,17
12.69,57.09,6.94,23
16.81,75.59,16.5,14
10.69,67.51,9.47,9
13.01,64.62,1.26,28
19.84,66.76,15.62,24
19.72,55.05,14.09,16
18.43,76.19,3.68,19
14.05,79.3,1.36,17
16.61,66.69,3.81,22
16.53,76.44,4.05,18
12.86,59.33,1.48,23
20.64,57.68,6.86,32
18.56,64.55,2.89,27
15.06,67.88,1.81,26
15.6,61.42,4.64,29
15.93,69.04,16.17,15
8.98,67.37,10.85,14
14.16,57.1,7.95,12
12.64,69.41,3.7,11
11.48,72.34,1.49,17
13.43,66.97,2.1,27
19.46,75.0,10.39,23
15.79,56.21,2.86,26
11.95,69.86,6.41,18
15.17,56.93,8.02,24
17.45,57.55,1.17,36
15.82,61.58,5.73,28
13.02,59.26,7.53,19
10.7,62.58,19.07,8
14.53,65.42,6.32,28
13.42,74.0,10.04,14
14.72,64.9,3.76,22
13.74,54.95,11.86,18
14.79,76.92,1.69,24
9.83,61.27,8.22,12
15.19,67.66,6.55,17
11.64,71.87,13.36,11
17.08,70.05,8.04,24
8.59,77.37,4.83,10
15.68,72.61,11.82,9
10.87,62.05,7.95,13
8.13,86.52,2.34,15
8.45,70.8,5.09,15
8.75,68.23,2.07,21
10.8,77.27,7.49,8
10.91,71.71,8.12,11
7.44,73.06,17.15,11
8.91,89.95,5.0,13
15.23,67.96,4.37,18
13.81,67.77,1.3,24
9.77,71.39,5.0,12
8.4,79.17,4.56,9
8.47,58.69,6.22,15
9.79,55.15,4.45,14
4.71,66.32,4.46,8
6.84,58.08,6.2,10
2.45,67.89,5.31,4
8.49,75.44,4.39,12
9.08,64.43,4.35,16
5.53,60.27,20.67,13
11.55,72.36,4.25,19
3.0,78.83,4.79,9
2.14,58.5,1.02,16
7.06,78.74,11.89,5
9.39,78.83,0.41,16
11.16,80.04,2.44,13
4.59,82.27,8.65,9
9.07,90.25,0.88,11
5.59,69.9,3.24,17
5.05,73.73,5.6,13
8.1,69.63,5.24,14
7.28,73.08,3.15,13
0.47,85.43,10.08,3
9.51,62.5,10.52,11
9.11,66.47,8.83,14
2.98,84.47,3.86,6
5.94,81.7,6.46,8
6.12,70.73,3.48,12
5.32,80.55,25.26,2
2.79,76.53,7.3,9
2.33,85.88,3.88,6
4.17,74.55,22.24,5
7.68,82.24,4.29,4
5.7,95.24,7.09,5
2.88,78.96,10.19,6
6.22,74.64,3.61,12
0.0,80.09,3.39,4
7.2,71.45,11.51,14
0.0,93.53,10.18,3
2.53,75.92,10.16,6
0.2,72.35,8.17,2
0.0,67.9,20.53,4
6.92,83.41,6.03,9
1.98,81.62,2.84,6
4.37,70.74,1.92,8
3.15,79.37,4.2,6
4.68,62.73,0.07,10
3.44,76.31,14.6,3
0.0,78.48,7.82,5
6.12,88.55,2.82,9
1.63,68.74,12.1,6
0.0,64.71,1.91,5
1.77,67.79,2.41,5
7.54,64.27,6.19,12
5.58,85.67,15.96,4
1.97,87.38,7.75,6
1.96,77.56,2.47,8
2.04,84.77,2.88,8
9.23,76.07,6.8,13
4.15,74.24,1.5,6
4.3,72.33,1.65,6
6.11,72.5,4.64,8
3.75,62.59,9.25,6
2.27,77.07,9.73,7
2.48,74.62,6.19,6
2.88,80.89,10.84,5
3.01,75.65,17.5,6
5.33,73.57,3.78,12
3.34,67.88,1.43,11
5.42,75.39,4.18,11
3.02,80.68,2.52,9
3.55,65.59,8.12,9
0.0,75.4,1.96,6
6.16,76.52,5.39,10
4.51,68.87,2.52,11
6.52,69.86,4.47,15
0.0,76.36,5.65,7
9.92,65.39,9.05,13
3.3,77.2,5.67,5
7.12,67.18,3.48,11
0.75,82.78,10.16,11
5.79,92.91,5.92,3
0.87,67.26,3.78,6
2.24,78.34,9.22,5
9.95,68.18,6.85,16
3.72,82.25,8.67,6
5.04,63.72,12.78,9
7.1,77.6,2.08,11
6.08,66.69,25.37,5
5.15,71.93,8.01,14
5.9,65.25,1.97,18
12.12,79.98,13.94,6
4.85,66.62,3.17,16
5.75,77.63,17.71,8
8.41,70.36,2.21,10
8.7,72.1,5.4,14
9.07,74.09,10.31,4
7.55,66.71,9.32,19
2.34,74.38,7.45,8
10.8,84.83,11.74,7
2.6,66.24,3.98,7
7.08,81.73,12.22,7
4.05,84.22,3.33,8
6.27,65.59,16.42,6
7.59,60.35,3.6,7
7.72,74.29,1.66,14
8.17,67.37,9.44,11
11.9,86.57,6.6,10
8.58,71.76,7.54,18
6.64,64.94,4.44,5
10.43,62.04,8.38,19
11.27,79.8,15.43,11
4.18,66.38,7.27,9
9.82,71.16,1.34,14
10.3,78.31,5.78,14
7.48,66.65,8.06,9
12.67,70.01,17.16,12
8.27,70.1,9.77,11
9.27,75.55,2.89,15
8.56,74.66,5.58,13
9.3,68.03,10.18,15
6.15,70.14,8.52,9
5.3,66.51,8.91,7
14.59,57.51,1.69,27
7.45,71.23,9.36,9
7.21,84.15,6.93,11
3.91,61.79,9.66,11
8.65,62.51,6.6,18
6.79,61.57,5.18,16
15.88,74.17,12.44,16
14.17,71.8,8.19,18
9.28,66.78,1.99,10
18.3,60.54,6.35,35
14.68,68.46,4.48,21
10.96,55.04,4.01,15
4.64,68.53,8.41,7
19.21,74.19,6.63,35
8.37,57.04,8.29,14
7.81,54.62,11.23,11
16.01,79.35,5.48,20
20.47,61.65,10.91,26
17.51,75.46,3.5,23
15.25,64.97,12.9,14
15.55,64.74,3.77,17
16.53,69.37,2.28,26
16.45,58.62,7.66,20
15.22,66.58,5.64,26
14.9,62.29,6.18,17
14.61,54.61,2.01,22
12.74,67.7,2.12,25
14.36,62.72,4.38,25
10.33,63.4,9.61,15
15.32,54.8,4.54,14
12.86,77.04,2.16,12
12.72,71.15,12.94,10
16.78,71.68,2.09,24
20.62,61.35,6.33,36
19.4,49.79,9.65,28
12.14,79.08,4.15,18
14.09,62.8,9.63,12
20.08,57.13,16.09,20
14.51,66.28,9.37,19
16.99,72.12,5.5,17
19.51,62.43,6.2,27
15.16,72.68,0.62,25
18.58,70.94,3.71,21
14.46,53.5,0.67,31
16.85,56.56,2.71,24
19.81,69.45,5.84,28
14.27,39.92,7.31,22
20.57,60.27,8.47,25
19.38,49.86,19.54,20
21.29,57.33,1.47,50
20.49,58.59,2.62,48
24.1,57.96,7.09,39
20.57,56.25,10.25,26
19.09,51.74,3.34,39
20.93,78.7,6.66,33
22.37,75.15,7.46,25
21.07,50.77,17.18,21
21.23,72.57,1.69,36
19.18,56.57,8.29,31
19.47,60.65,10.46,23
17.42,58.97,8.91,25
27.05,54.05,13.89,43
18.24,67.06,2.17,27
20.06,60.06,0.5,43
20.15,55.1,13.35,28
25.15,48.34,4.31,40
21.74,51.5,5.51,40
26.53,45.38,6.07,69
20.92,58.48,6.43,43
23.93,48.68,11.22,41
20.74,56.0,8.09,37
29.83,68.97,1.6,75
19.98,67.48,5.43,25
24.61,57.51,7.35,39
25.73,56.95,8.65,42
25.21,72.57,5.15,34
23.54,61.58,3.68,41
23.84,54.68,11.65,37
24.49,45.79,4.23,46
24.05,60.24,9.29,42
27.51,63.62,11.06,34
31.37,51.83,7.04,80
23.19,59.11,3.32,41
20.86,53.78,8.13,34
24.82,55.12,4.71,46
32.94,36.6,24.41,46
22.89,54.64,10.62,38
30.33,64.08,10.35,64
30.54,51.19,12.93,51
23.95,56.58,0.72,56
27.41,50.03,5.44,60
30.68,58.89,12.44,48
24.75,54.2,3.68,56
25.36,48.34,1.33,64
24.31,66.45,6.52,34
23.09,63.16,2.68,38
24.26,50.82,2.99,56
22.61,59.58,5.14,38
26.45,59.84,1.94,69
24.1,60.63,4.91,46
27.18,41.88,7.13,71
21.87,63.44,20.93,19
27.58,50.79,3.95,66
29.14,52.44,5.23,67
20.71,76.36,9.03,28
27.86,57.64,4.46,73
30.46,52.1,3.48,95
23.18,37.51,12.55,42
31.87,66.24,16.48,46
28.14,44.34,4.41,80
24.79,47.05,3.4,55
26.76,52.41,2.98,57
28.63,66.37,9.25,44
27.2,61.21,13.86,38
28.6,53.75,7.86,64
24.23,57.47,9.49,37
27.51,50.2,11.92,46
22.76,56.12,16.78,25
26.67,55.59,8.06,45
24.28,62.75,4.25,31
24.78,62.75,9.94,35
30.68,58.97,12.87,53
30.23,52.13,4.79,84
28.77,60.98,0.68,72
23.64,54.33,4.16,61
25.94,46.43,1.93,60
30.5,51.89,4.33,83
27.26,55.82,5.52,62
33.75,62.45,8.43,72
27.94,53.74,9.42,53
27.29,45.57,4.56,57
25.74,55.73,8.82,50
27.02,56.23,8.33,50
26.1,56.85,8.24,48
28.63,62.77,3.12,65
29.31,63.61,10.04,48
24.02,50.76,6.82,48
22.32,50.64,5.63,53
20.73,47.31,3.37,36
27.69,61.28,4.47,62
22.78,67.35,11.09,26
19.55,53.3,8.79,24
27.09,53.96,3.66,66
33.32,67.7,6.53,44
25.73,60.09,8.52,31
28.17,59.61,3.88,64
25.81,46.67,9.92,49
25.16,61.71,1.05,47
28.11,48.94,9.86,63
24.38,47.38,9.41,35
25.95,53.77,7.27,55
26.0,51.95,4.99,51
22.91,54.96,2.79,39
27.77,45.31,6.12,60
24.15,64.61,8.14,33
22.29,66.06,10.07,29
26.04,41.56,3.26,71
21.6,65.08,4.35,33
24.25,50.88,4.47,39
24.0,64.33,1.51,50
27.15,57.04,13.33,42
25.18,57.93,14.19,28
23.54,56.34,2.98,54
25.92,67.64,18.18,22
27.49,48.15,5.12,72
24.84,63.05,9.97,44
23.05,67.13,9.54,28
18.93,64.18,0.41,39
19.51,77.18,6.32,23
21.63,54.48,2.81,45
20.55,66.51,0.81,38
21.66,58.14,6.99,34
22.22,68.99,9.01,34
23.47,59.2,3.72,35
21.5,56.3,6.65,33
23.0,70.0,13.77,27
21.56,55.76,5.1,32
15.27,48.54,1.87,35
18.2,55.85,10.68,30
20.4,65.09,4.5,33
17.02,71.42,3.5,21
22.27,61.33,4.82,37
24.88,71.14,4.68,39
23.76,49.88,1.16,56
19.27,57.36,7.44,27
24.2,58.76,7.35,42
19.98,60.31,4.92,38
18.33,62.06,6.94,26
17.31,67.07,9.43,22
18.05,58.15,7.27,20
17.59,62.98,3.37,26
19.07,61.67,2.76,40
18.84,54.79,19.95,13
18.17,61.45,7.4,34
19.28,61.38,5.35,27
21.34,61.38,8.68,29
20.41,63.12,3.75,27
12.91,63.64,10.75,24
9.5,59.74,4.55,12
19.76,73.55,0.9,36
12.65,54.19,5.62,27
15.87,57.94,2.47,35
12.83,86.12,5.13,15
10.73,55.75,4.62,18
17.55,53.4,7.95,25
18.0,70.27,15.8,12
13.79,47.95,10.03,18
7.54,62.86,7.39,15
13.46,82.08,6.56,9
16.07,52.73,7.57,31
10.25,49.4,14.52,12
15.03,53.44,8.59,19
14.23,72.79,0.92,17
15.81,74.77,2.58,27
14.22,61.84,12.03,21
10.74,71.58,7.26,12
17.04,77.41,14.33,19
12.77,80.76,9.61,16
12.96,64.66,6.41,18
10.04,48.39,6.33,24
11.31,60.4,3.71,18
9.78,63.72,5.04,13
11.72,65.23,2.01,12
17.17,65.97,3.03,30
7.72,76.59,2.43,10
6.8,78.0,5.81,10
15.85,66.59,4.05,15
10.61,76.92,1.3,11
9.04,71.16,8.7,16
13.97,68.97,4.37,14
8.84,75.87,10.5,10
15.95,69.36,8.31,25
12.31,85.4,21.47,6
8.62,57.59,5.85,15
16.37,65.13,3.77,28
7.9,68.39,2.99,6
11.76,73.07,9.31,5
10.24,79.86,9.93,12
13.07,69.67,5.93,14
13.67,58.63,7.14,20
8.9,76.9,12.26,7
6.37,76.35,9.62,9
9.84,54.92,7.43,11
6.25,70.57,2.09,13
14.15,58.02,3.11,32
8.36,65.56,4.49,12
6.68,63.79,4.71,14
8.17,77.63,3.36,17
3.41,72.22,3.03,8
4.38,61.14,4.86,8
10.74,78.59,6.62,4
5.01,60.21,8.44,13
3.69,74.45,1.19,8
8.29,65.42,4.08,16
10.09,69.13,1.35,18
8.54,76.21,5.87,9
9.23,76.47,5.8,13
3.83,83.11,5.45,7
1.7,71.87,4.84,4
10.34,75.09,4.14,12
4.73,69.25,5.46,12
4.82,74.31,8.59,3
9.43,76.48,4.39,13
6.99,72.28,2.21,15
6.57,58.74,7.13,11
11.58,75.92,9.98,12
3.04,76.28,2.11,10
7.64,68.01,1.82,7
4.92,63.27,2.05,8
5.45,85.44,5.41,10
9.12,77.65,16.58,5
5.96,71.97,14.89,3
5.96,64.78,7.14,10
7.47,67.38,2.0,11
3.06,84.45,14.78,2
1.56,75.21,15.29,5
0.85,69.77,2.92,12
0.0,78.32,5.92,5
10.0,67.79,9.94,12
0.45,86.38,13.52,3
3.02,85.25,5.3,7
2.79,70.75,10.63,7
4.48,69.51,7.64,5
5.94,53.64,7.35,19
6.02,62.78,6.88,17
1.64,63.96,17.09,4
2.83,75.8,6.18,7
4.14,72.15,8.33,9
2.5,64.03,17.16,4
8.03,72.58,8.75,9
4.64,78.9,3.91,5
5.34,79.11,5.71,11
5.1,59.71,3.16,17
6.6,73.91,5.63,9
3.6,63.88,5.3,10
0.0,82.18,4.44,9
4.22,81.25,6.88,15
1.06,67.8,1.46,14
1.42,68.87,19.61,3
4.76,71.31,5.38,12
6.71,56.98,5.94,15
3.07,77.69,14.61,6
3.94,72.81,8.67,9
8.13,82.75,4.36,9
3.75,66.19,4.83,7
10.85,70.01,11.97,15
4.77,62.89,13.09,7
0.0,66.89,4.0,9
5.38,65.44,14.38,9
4.3,82.84,1.58,13
7.06,69.26,15.66,8
5.24,75.81,7.74,6
2.85,71.73,14.26,4
0.0,64.59,9.3,9
2.73,73.35,4.21,12
0.86,79.45,5.59,6
1.72,64.95,4.33,17
5.29,81.04,3.41,12
8.6,67.71,8.41,7
4.84,70.59,1.14,12
0.13,78.64,5.34,5
5.13,69.03,6.45,5
7.46,74.58,1.2,8
2.12,71.69,7.6,11
3.63,75.18,9.28,4
4.16,55.02,8.36,16
1.85,59.36,8.27,9
6.24,78.85,6.57,8
4.03,82.14,2.66,11
5.75,66.48,0.28,11
1.93,71.72,5.22,15
3.38,75.95,4.19,8
6.97,79.04,6.44,11
3.79,57.18,3.26,12
10.21,66.22,12.41,13
3.94,70.55,1.54,9
5.94,78.74,3.77,11
8.18,93.0,5.04,4
1.25,71.09,8.43,4
0.35,61.55,8.46,3
1.19,75.91,11.19,4
9.69,83.15,10.14,6
4.38,73.33,5.29,9
13.85,65.1,10.69,11
4.62,79.9,5.34,10
7.01,77.42,1.43,9
11.23,63.79,1.59,26
12.77,74.92,4.92,18
13.09,79.72,2.48,14
10.69,81.07,5.6,11
10.29,70.95,10.34,10
9.15,68.49,4.56,11
9.87,81.04,0.95,10
6.04,61.4,8.81,11
5.41,74.46,4.19,11
8.02,59.85,5.04,21
7.69,79.19,23.32,5
7.01,68.46,11.2,12
10.63,80.53,13.06,8
11.58,74.17,4.65,21
9.16,60.3,20.06,3
13.51,81.33,2.92,17
5.83,82.2,1.46,3
8.86,76.69,22.4,5
7.47,63.39,0.97,14
4.21,66.88,4.21,12
9.75,70.34,8.91,13
9.82,63.39,4.7,14
14.91,82.4,3.56,21
12.46,69.85,6.19,17
7.68,46.91,5.9,10
16.51,71.09,6.74,17
14.81,65.43,13.88,18
13.09,67.45,9.27,10
10.86,64.94,5.17,25
8.86,74.18,7.4,8
10.82,76.51,0.13,13
15.4,69.65,5.45,23
17.99,64.5,7.83,23
17.17,66.72,3.27,23
11.27,67.04,4.32,19
9.59,60.29,11.24,16
13.57,71.17,2.44,13
8.05,70.05,11.44,12
14.53,78.53,17.22,20
13.32,76.07,4.42,6
12.57,60.37,2.48,21
9.39,72.25,3.41,14
15.92,57.91,16.41,14
12.99,70.91,2.34,14
11.28,61.04,2.48,24
6.38,56.81,0.95,17
15.12,67.07,4.25,23
20.73,43.26,6.9,45
20.6,50.48,14.97,32
14.45,62.89,4.57,16
14.22,64.8,8.71,12
17.64,61.01,3.47,27
13.45,51.16,2.08,26
17.55,57.08,13.61,21
19.15,66.59,6.75,25
20.74,67.94,9.24,30
16.96,62.99,6.6,24
16.85,72.2,1.4,29
15.03,65.96,11.19,23
15.38,56.63,3.3,31
17.38,60.2,8.38,20
19.37,51.06,2.19,45
21.2,61.25,2.34,48
16.25,70.85,3.52,20
23.33,67.27,2.79,32
18.24,72.84,1.99,31
19.18,59.04,22.02,16
17.2,72.07,6.0,11
12.36,59.6,1.22,25
22.47,72.76,2.09,37
22.22,60.65,2.96,35
19.35,66.33,3.99,22
20.58,72.32,9.72,21
22.11,58.82,6.9,41
16.06,61.96,5.88,28
19.34,70.37,1.52,37
23.49,58.85,8.59,29
17.52,49.2,1.42,50
22.34,76.76,5.01,40
17.56,55.72,7.25,35
23.2,60.6,7.44,48
21.86,68.44,6.56,28
17.29,54.18,6.77,31
25.8,50.85,6.36,60
20.26,60.81,1.76,38
20.19,44.3,1.68,44
23.39,56.21,10.43,43
26.39,60.34,10.54,41
20.05,56.1,2.32,34
23.43,45.78,6.64,65
24.68,70.76,7.66,41
25.62,58.71,5.89,48
24.21,69.21,11.49,28
22.72,55.57,4.1,38
21.48,50.49,4.4,45
24.36,59.57,11.58,28
21.02,55.58,1.81,45
15.6,47.77,10.15,14
25.8,68.85,15.4,33
27.33,52.01,8.45,51
17.65,42.16,5.55,38
21.83,67.41,1.89,41
26.83,52.65,6.61,56
31.26,51.73,3.19,103
25.26,42.38,4.66,76
23.12,70.34,7.58,41
24.86,46.01,2.82,73
29.64,56.71,2.18,81
23.67,63.46,3.79,36
23.31,59.45,14.28,35
24.35,55.53,7.69,41
23.02,42.32,3.15,58
26.34,49.38,3.44,52
30.93,57.29,12.6,49
27.1,49.43,1.66,79
25.45,57.29,14.08,40
25.4,61.06,2.73,52
21.66,63.24,13.7,31
29.06,45.68,10.38,73
26.24,73.01,2.45,51
25.99,61.53,9.31,48
36.17,55.33,1.3,129
27.54,64.02,11.8,43
24.43,74.18,2.39,56
25.46,43.71,11.82,61
30.22,53.38,1.77,99
27.15,36.13,2.54,75
22.53,56.67,16.45,26
29.64,58.02,8.28,63
24.9,54.76,2.76,65
32.55,49.82,7.11,87
30.19,38.64,6.99,85
25.63,58.02,4.86,42
30.82,66.66,6.94,63
27.19,50.28,12.7,42
29.56,58.52,10.19,47
28.45,42.45,8.54,78
24.46,58.66,2.7,45
25.06,51.86,1.75,59
30.08,48.91,5.52,73
25.97,48.94,10.34,43
25.75,51.88,0.77,62
24.08,58.11,3.98,54
28.19,44.57,8.14,61
33.08,51.91,13.9,65
23.66,54.78,5.49,43
26.9,46.35,3.76,67
31.03,69.54,5.89,58
26.52,48.38,8.56,62
28.07,49.88,1.16,71
23.48,47.45,2.59,63
27.9,69.71,2.87,52
26.0,59.79,4.39,54
29.46,47.92,12.19,44
30.01,64.31,2.39,63
34.15,57.12,3.34,98
28.05,57.63,1.69,73
27.22,52.88,4.42,57
26.75,49.7,4.76,53
25.03,58.46,5.06,45
27.03,51.46,24.13,24
25.04,70.43,10.28,35
26.35,45.81,5.67,48
29.7,68.33,8.46,49
22.64,55.23,3.61,44
28.98,58.59,21.08,34
29.41,62.95,10.61,49
25.0,51.33,9.61,42
18.89,63.37,14.21,20
23.32,34.89,17.74,31
28.92,50.88,2.44,86
24.85,49.34,13.08,38
21.8,46.81,8.01,47
23.16,55.22,7.2,45
27.08,60.12,16.28,32
26.07,62.76,2.64,46
23.58,59.18,5.74,47
23.07,52.04,5.17,54
22.86,60.43,7.93,43
21.13,58.58,8.19,32
28.6,65.19,12.73,35
22.65,64.04,6.14,35
27.12,58.19,17.18,26
27.88,50.89,8.58,54
26.16,52.97,2.4,56
21.72,53.92,3.69,46
24.07,55.93,9.59,40
22.63,60.72,8.17,37
19.83,64.43,7.84,33
23.36,58.44,18.87,34
18.68,59.11,11.83,29
25.62,60.27,4.31,44
20.49,55.14,5.29,38
22.32,52.0,4.13,41
22.39,45.5,2.91,37
20.59,54.13,19.75,23
22.95,63.62,8.12,39
19.59,54.36,2.06,48
23.45,58.23,16.09,20
16.62,64.02,3.27,32
20.85,64.61,7.11,33
26.1,51.96,6.35,43
17.1,68.73,1.47,22
17.88,69.93,0.83,24
21.26,52.03,10.37,20
20.07,54.63,13.67,27
20.39,70.91,7.44,29
20.61,60.37,28.25,7
20.86,43.95,3.51,50
22.09,50.67,1.1,50
19.79,60.04,8.3,26
17.64,52.89,2.58,46
20.18,59.06,5.72,34
23.66,62.79,12.0,24
17.37,74.39,3.87,27
14.64,60.54,5.73,18
20.68,71.61,13.23,19
16.8,74.63,5.17,22
10.44,74.85,8.3,10
19.29,65.82,9.05,24
14.94,48.01,5.2,22
16.07,67.57,5.33,26
17.13,72.44,5.9,21
16.5,63.58,3.52,29
17.85,78.35,8.0,14
14.21,71.45,3.59,19
16.85,69.29,4.0,28
14.32,73.6,2.62,23
17.11,67.75,13.95,15
16.54,45.32,1.78,42
11.68,61.44,19.18,5
17.54,75.18,5.47,23
12.46,59.31,4.33,17
16.29,64.16,2.63,22
14.76,57.76,2.87,26
18.97,80.56,3.57,18
12.58,79.91,33.18,4
12.0,59.56,3.57,18
12.78,67.98,8.45,14
11.73,61.52,4.97,19
14.84,72.05,20.22,10
7.39,71.38,7.01,9
8.87,73.96,2.09,12
8.63,70.29,4.09,19
14.49,91.29,25.27,5
16.57,59.74,10.62,21
10.93,54.45,5.77,22
10.54,65.15,2.73,16
11.06,55.91,3.01,14
14.15,56.68,2.37,31
7.69,60.77,1.37,19
10.99,61.56,10.15,16
13.01,61.46,8.92,9
11.4,73.4,6.62,17
10.28,65.36,15.24,12
12.53,68.12,9.9,14
1.24,76.87,1.67,11
11.2,63.73,5.96,15
7.02,67.9,11.02,13
3.32,73.09,6.01,8
10.16,54.77,6.44,22
12.58,51.37,1.33,29
7.87,73.36,3.66,7
10.97,74.67,8.5,17
12.78,87.39,5.31,7
11.73,72.28,1.54,20
12.54,77.71,10.91,13
9.68,69.72,5.12,10
7.52,73.8,6.37,5
2.33,84.89,1.69,5
6.25,54.69,1.17,15
4.3,75.12,6.63,9
13.19,89.02,13.98,6
6.01,74.31,10.68,10
6.76,85.38,9.64,6
7.9,67.26,7.07,12
6.24,72.16,1.99,8
11.05,72.79,0.64,19
3.97,54.9,27.55,7
6.29,63.4,5.1,9
3.34,64.08,3.75,13
1.49,79.54,6.28,9
3.49,80.04,2.62,4
5.09,75.76,4.13,14
3.8,79.86,18.87,2
2.89,72.05,7.71,9
0.64,83.07,9.06,1
4.5,73.61,5.47,8
0.13,74.09,12.78,5
6.82,71.59,12.55,6
4.69,79.28,5.0,9
0.0,70.51,5.99,7
3.32,81.77,14.24,5
1.9,64.98,6.26,11
5.03,65.31,4.54,8
8.01,79.68,4.81,7
0.0,73.53,4.1,9
4.18,70.68,6.2,9
3.28,81.49,4.21,7
5.7,69.57,6.19,15
4.26,72.88,3.32,8
1.3,85.73,7.83,1
2.54,86.9,8.67,4
1.05,87.21,9.76,7
6.61,72.42,8.79,15
3.4,84.57,12.12,4
8.99,67.17,6.57,12
3.06,67.54,6.15,12
1.08,56.03,3.7,17
0.0,88.24,10.42,2
0.0,67.97,3.9,9
0.0,73.9,1.12,4
3.88,67.65,3.56,11
4.58,80.51,10.97,9
0.0,71.96,9.49,4
5.71,64.54,7.24,7
1.56,78.52,24.0,2
3.45,63.53,7.86,10
7.84,68.3,3.08,8
5.69,58.14,2.84,12
2.2,63.61,8.78,12
0.34,76.42,15.7,5
0.0,59.27,6.09,4
0.87,63.12,8.03,5
2.42,74.94,8.33,7
0.11,70.59,24.6,7
2.7,90.86,11.64,6
3.35,89.57,13.62,5
2.48,67.93,2.97,10
1.24,79.3,3.89,10
3.73,80.81,3.65,9
4.59,70.0,5.08,12
0.04,62.78,6.45,6
7.59,74.6,7.63,8
3.12,73.27,5.77,13
3.52,71.13,3.58,12
5.65,78.1,2.45,15
4.29,68.5,8.2,12
6.51,65.24,9.97,7
4.58,75.27,5.25,4
1.96,77.43,1.33,6
4.95,64.86,11.56,9
0.52,81.63,5.08,6
4.36,59.98,1.82,14
4.02,69.45,6.03,8
3.58,71.93,12.11,14
3.91,68.83,4.4,7
0.0,69.32,0.43,8
2.84,88.73,4.87,8
4.87,66.87,3.43,18
5.17,93.12,6.87,3
1.72,77.0,6.14,3
8.71,74.14,4.1,14
2.43,77.12,3.9,4
8.05,93.45,14.56,5
6.54,65.17,8.74,9
3.44,64.05,8.55,9
10.83,66.87,11.11,13
2.06,73.06,5.05,13
8.52,58.89,17.17,8
8.9,72.76,7.69,7
4.02,86.02,6.62,5
10.35,73.57,7.62,16
5.57,69.89,4.86,9
7.33,67.17,3.57,12
7.39,79.18,12.91,10
6.35,65.26,2.26,9
9.34,86.52,2.44,11
9.44,87.08,5.6,14
1.97,73.54,2.99,7
11.29,71.26,1.33,21
2.55,79.47,2.36,6
10.8,79.84,3.07,16
11.24,64.5,7.93,13
4.76,66.6,5.28,8
6.97,60.09,11.45,12
5.05,73.8,2.24,15
7.9,75.71,2.61,10
7.79,59.43,7.09,13
11.23,66.45,3.44,21
13.01,59.16,4.67,23
13.44,62.6,2.39,19
7.75,74.04,2.24,17
8.99,63.61,3.34,10
4.76,66.92,11.91,8
7.58,56.15,1.78,16
13.08,70.51,12.86,12
15.22,68.5,11.16,16
6.86,62.87,4.09,22
8.98,67.02,6.12,17
10.87,69.82,7.51,8
11.99,61.69,9.61,20
8.91,56.24,2.6,16
12.81,82.33,10.39,17
10.31,62.65,6.49,15
11.89,66.78,2.78,9
13.77,75.47,6.54,16
12.36,95.45,2.75,12
11.23,57.1,5.96,22
12.41,70.48,4.24,25
12.68,61.05,6.8,13
12.04,62.23,7.09,8
12.58,60.61,14.04,13
18.35,57.2,9.23,26
15.45,65.7,8.13,14
13.08,54.06,1.25,29
16.27,73.26,11.65,15
13.38,65.96,4.38,19
18.11,68.72,2.39,28
15.9,61.44,21.51,15
14.68,62.06,3.44,18
16.55,67.13,15.06,18
10.7,55.34,7.58,23
12.24,61.62,8.78,20
12.24,57.44,6.0,19
16.46,57.02,2.84,31
21.43,47.09,9.98,36
23.14,74.51,7.19,25
18.56,58.13,7.12,31
18.35,72.76,6.4,26
11.65,71.84,4.96,17
15.63,52.83,10.03,22
15.1,54.24,8.62,18
15.8,83.26,10.81,14
17.36,76.62,5.14,21
16.65,62.19,4.82,25
12.33,64.34,3.95,17
20.71,57.07,6.53,30
15.44,65.41,1.32,32
19.57,56.05,28.39,14
25.27,45.37,3.62,61
16.49,50.89,13.72,21
11.85,61.47,4.31,23
18.77,52.09,9.14,28
23.12,60.45,18.15,27
25.88,52.23,8.79,53
16.5,54.41,17.47,19
21.87,67.34,13.19,31
19.17,62.34,2.68,30
20.43,60.14,10.09,25
28.86,67.09,7.84,60
16.6,63.76,3.38,27
22.04,71.34,12.43,20
22.86,55.94,2.18,46
24.89,56.04,11.9,35
22.09,48.92,10.18,34
22.89,55.76,6.63,49
20.96,66.77,3.77,42
23.11,69.32,9.99,21
21.43,66.46,0.93,37
24.49,44.29,3.2,65
21.67,67.18,6.07,28
24.07,43.68,6.64,47
23.01,65.44,3.26,30
26.62,55.19,3.33,73
23.24,63.63,8.98,29
18.22,47.22,2.75,53
27.47,67.13,4.6,60
21.11,45.93,2.17,67
22.0,52.18,6.32,55
22.31,49.43,5.2,46
28.36,43.27,0.84,97
17.96,57.95,1.78,32
33.9,71.54,14.3,66
27.78,78.32,3.5,48
25.41,57.66,7.99,47
24.69,65.72,2.58,57
25.83,58.55,15.72,40
26.65,60.58,1.23,48
27.13,53.76,13.36,44
26.97,57.97,6.62,48
25.68,60.63,9.81,37
24.92,51.61,14.44,34
25.15,55.54,7.37,44
25.12,55.61,18.5,32
29.2,62.61,14.29,36
27.66,47.4,9.6,56
17.15,55.45,12.79,21
28.02,71.09,6.15,48
26.71,65.04,2.86,66
26.15,66.46,25.81,15
25.11,55.8,6.47,46
29.72,58.11,7.63,47
29.26,63.51,1.87,76
24.16,67.92,15.04,30
27.75,39.78,7.48,82
23.67,44.82,8.98,42
22.5,65.77,9.85,28
24.81,53.04,3.42,58
29.32,49.85,14.77,60
29.64,45.15,8.07,72
28.35,50.72,0.91,84
29.02,43.91,12.83,47
28.43,71.83,5.72,39
24.98,54.9,3.73,45
28.23,54.59,1.37,85
29.35,59.75,4.61,65
29.23,62.73,4.21,53
30.55,62.58,13.78,47
29.12,63.6,3.94,59
28.05,49.96,1.67,66
30.21,52.62,9.05,56
26.92,61.15,14.25,42
24.35,50.79,4.85,46
26.5,54.97,20.92,26
24.74,58.21,12.72,31
24.93,61.31,15.1,22
26.51,40.83,8.86,56
24.54,60.79,8.18,33
25.97,53.22,3.8,51
21.18,60.77,17.91,20
27.47,61.36,15.98,32
26.8,68.03,18.17,24
24.3,66.03,6.18,37
28.69,66.01,4.92,44
29.48,66.83,10.69,42
21.79,57.65,4.38,32
24.27,55.62,6.23,41
24.2,62.4,1.04,49
23.62,61.32,7.66,39
28.87,53.04,9.58,54
25.73,58.81,15.33,24
25.45,55.35,10.97,39
20.16,48.86,12.28,29
28.0,66.08,20.01,23
22.29,56.27,3.24,42
26.11,72.28,2.77,42
26.67,42.96,7.28,60
29.83,51.59,2.48,88
21.73,56.38,8.03,32
16.5,65.3,2.56,23
26.01,59.48,3.06,60
30.76,58.85,1.39,86
28.97,47.44,7.57,73
25.77,47.29,1.97,75
23.56,59.22,9.16,39
27.34,45.82,10.24,72
21.88,52.58,3.56,34
26.11,60.94,11.24,42
26.07,49.18,10.38,53
27.61,69.99,13.18,38
32.58,67.04,3.31,78
25.34,44.79,3.2,68
22.51,50.01,9.87,42
23.82,39.3,7.2,49
18.45,51.44,7.7,38
21.53,63.95,15.67,22
22.24,54.63,11.77,30
21.75,61.75,10.39,30
23.63,46.01,9.59,43
20.55,64.7,12.48,21
26.22,54.01,5.51,50
22.71,58.68,2.4,35
22.52,57.97,3.93,49
21.4,48.67,3.53,46
22.69,49.76,0.34,52
24.53,66.86,9.6,31
19.28,62.45,4.96,35
19.74,67.8,5.59,33
20.63,62.14,4.13,35
17.33,60.84,6.25,20
18.73,46.03,17.22,25
19.59,57.82,1.36,38
23.46,59.92,19.33,23
21.44,75.91,7.51,30
21.05,65.94,4.35,32
22.84,72.88,4.78,42
19.69,65.53,3.01,32
21.08,55.22,0.91,41
19.41,62.0,2.58,24
20.33,63.11,6.27,26
17.59,53.87,5.24,40
11.83,58.47,8.77,15
18.55,60.06,4.16,31
23.03,74.71,3.72,34
21.34,45.39,23.71,18
21.26,71.84,3.08,32
21.87,54.87,3.25,33
18.23,51.55,12.34,24
18.36,72.14,10.37,25
15.71,68.72,4.6,26
16.41,73.07,10.96,19
19.0,69.61,6.84,32
20.57,79.85,4.2,16
16.33,68.01,9.89,17
15.19,62.46,6.35,16
16.34,66.63,0.98,26
17.94,74.0,9.9,28
11.6,57.99,5.68,20
8.83,59.18,16.33,11
13.86,62.1,11.31,15
11.65,47.91,7.23,19
13.58,66.02,4.71,14
14.45,50.0,6.22,19
13.33,65.68,2.94,13
18.84,72.35,7.23,26
15.26,61.79,17.15,8
14.97,79.19,20.88,13
15.73,54.26,13.95,20
10.24,75.65,6.93,13
16.57,71.69,1.67,26
13.02,52.73,5.94,21
15.06,88.31,11.81,10
9.63,66.29,10.93,11
7.98,59.95,5.52,16
14.89,55.88,5.19,28
13.37,65.54,8.29,20
9.33,66.45,6.51,19
9.23,68.46,5.92,18
15.01,65.42,5.7,14
7.87,73.03,15.26,9
16.17,65.03,2.61,31
8.35,52.81,4.95,17
12.77,67.26,5.18,20
9.67,49.68,7.07,19
12.28,71.61,6.36,14
8.64,61.1,6.05,18
9.6,70.4,2.76,9
10.02,79.76,6.35,1
6.71,61.82,9.72,8
11.75,78.05,7.25,19
7.81,66.24,2.57,15
8.48,83.89,6.75,9
6.0,67.09,6.44,6
1.12,63.44,4.8,4
8.06,75.81,7.31,8
15.69,66.97,3.81,34
10.64,63.86,10.01,12
8.06,66.92,20.06,5
7.16,70.52,10.61,14
7.85,81.75,3.32,15
9.26,55.68,9.64,10
3.91,71.47,11.33,5
10.64,76.42,8.19,10
9.28,73.1,8.79,7
9.14,82.16,5.92,8
8.15,71.21,2.22,12
6.74,70.46,5.62,5
8.55,76.79,2.91,15
8.16,72.97,5.26,11
5.18,69.17,4.09,12
4.38,76.54,2.75,12
6.27,67.31,14.86,4
10.48,67.75,6.26,13
1.98,68.52,4.21,8
1.17,83.68,1.44,7
5.94,47.19,10.94,7
5.47,76.23,7.42,5
5.72,73.44,21.92,2
5.82,59.82,3.56,23
4.3,75.84,14.08,7
9.33,77.26,5.62,9
0.0,78.26,3.05,10
2.16,52.42,4.6,11
4.23,84.65,6.82,7
0.0,67.9,4.21,6
3.82,79.37,2.29,12
9.23,79.89,2.96,7
4.22,67.02,9.06,8
4.76,79.39,2.64,7
0.21,71.09,3.77,9
2.06,57.67,2.73,14
2.71,83.65,7.56,3
2.8,68.17,28.99,3
7.53,67.59,8.8,9
5.29,71.26,3.42,12
0.22,76.71,7.55,3
4.23,74.13,3.6,11
4.93,79.02,7.05,4
6.81,63.96,16.04,7
8.08,68.78,6.02,15
0.24,73.83,7.93,8
0.81,89.98,6.21,3
0.0,73.92,11.59,3
2.47,83.54,9.83,3
4.53,75.2,4.76,9
6.07,71.04,9.84,5
2.85,72.96,7.1,12
2.1,73.6,4.46,8
3.5,79.8,4.52,15
0.52,85.98,6.94,6
9.28,77.87,7.85,9
0.0,84.49,5.52,6
3.56,67.28,7.98,7
9.07,71.68,3.35,14
3.02,69.2,2.54,13
2.44,77.51,1.65,13
1.95,72.11,8.96,3
2.49,80.81,1.51,12
7.17,67.51,7.93,6
0.0,75.29,4.26,12
7.69,80.42,4.88,12
0.0,58.38,4.93,9
2.35,91.85,25.75,3
1.9,72.58,3.86,8
4.99,58.61,2.89,4
0.0,76.04,19.34,4
4.7,75.01,1.83,7
9.43,74.05,2.25,9
0.0,82.59,11.08,5
4.04,80.59,8.12,4
1.54,76.95,4.51,5
4.86,78.11,2.6,8
3.71,73.62,0.86,12
1.8,88.6,16.62,0
5.26,62.5,9.86,7
9.28,75.39,15.45,7
3.38,74.73,12.48,7
6.19,80.65,8.41,6
0.24,67.32,3.78,9
1.34,60.05,2.61,6
5.71,75.17,13.3,5
8.84,76.09,4.27,11
5.56,85.68,2.74,9
3.65,63.51,3.56,21
4.69,82.83,13.85,4
1.05,92.44,2.98,6
6.73,70.38,4.53,15
7.67,62.98,5.63,11
3.79,69.96,7.22,7
3.85,73.23,2.79,12
6.18,77.52,5.49,10
4.2,68.18,11.22,8
5.44,85.24,21.94,4
12.07,63.78,2.37,15
5.16,58.67,2.72,14
4.96,81.32,3.07,9
4.23,54.16,9.41,6
8.55,70.6,2.52,11
5.92,97.06,5.34,7
4.66,71.9,4.93,9
10.72,62.9,23.19,7
11.17,71.29,3.84,15
5.26,71.21,3.66,10
1.62,72.77,9.41,5
10.4,76.65,7.53,10
5.48,62.91,3.46,16
10.07,84.59,14.49,10
1.95,72.91,1.77,9
10.71,76.62,5.76,10
4.57,65.64,4.69,11
10.56,80.82,5.39,6
8.59,68.32,3.43,8
5.86,72.45,5.49,10
7.67,62.62,6.94,6
11.13,61.96,0.5,20
9.57,75.29,4.13,14
11.19,66.09,3.1,14
15.55,62.65,18.52,14
5.11,64.18,8.21,12
14.85,74.76,2.95,29
10.5,63.98,3.96,19
7.68,67.92,4.83,14
6.57,68.82,3.89,13
10.19,53.2,8.65,18
13.71,56.61,16.48,16
10.76,70.9,0.17,18
15.87,62.15,4.6,26
7.18,76.34,21.87,7
11.7,75.45,4.75,10
8.18,73.31,7.23,18
13.23,81.94,0.68,17
15.0,66.55,14.38,10
11.28,72.24,2.33,16
4.93,62.21,8.07,7
13.54,86.33,2.73,16
14.46,82.41,0.33,16
14.57,66.47,7.55,21
17.26,69.29,10.01,14
10.55,76.91,5.63,14
16.01,64.68,2.07,26
17.75,60.44,24.7,14
9.04,72.51,9.75,9
15.55,65.97,6.73,26
13.28,66.64,12.86,14
14.76,58.33,3.89,28
16.25,51.09,19.72,18
13.95,66.54,9.87,16
13.59,71.72,12.04,16
15.93,62.51,4.53,20
12.77,75.63,2.28,26
12.98,58.34,6.8,18
18.48,55.36,4.02,34
13.2,63.09,21.25,10
18.85,62.8,1.72,26
18.44,69.45,15.22,16
12.08,56.92,1.2,30
15.43,73.89,2.72,36
21.25,78.52,1.17,44
14.92,62.3,3.89,26
16.67,72.44,5.04,16
19.65,53.83,3.49,34
20.81,70.72,8.06,19
17.9,70.33,5.07,20
17.06,68.69,0.71,35
23.32,61.5,2.59,36
24.46,37.83,4.49,62
22.37,56.17,12.48,28
19.88,56.14,6.48,37
17.39,53.16,4.06,31
17.51,61.81,1.52,28
21.76,57.32,6.69,38
21.63,53.92,14.51,23
24.77,51.89,4.65,49
22.7,54.49,2.82,45
16.42,69.03,8.95,21
24.26,54.63,12.82,39
18.29,55.65,5.17,23
20.3,55.97,9.7,25
22.38,62.19,4.23,43
27.79,62.98,10.03,34
31.3,34.83,15.0,76
23.96,67.23,11.08,26
21.75,70.41,8.7,27
24.07,50.38,18.37,24
25.29,50.87,4.84,54
21.82,54.91,8.69,41
28.33,52.34,4.97,77
23.78,60.05,8.7,37
24.74,42.56,9.77,52
25.39,49.06,11.58,51
24.8,70.2,6.14,42
26.2,50.34,0.97,74
21.97,67.59,5.05,29
22.29,60.37,9.53,38
20.8,42.94,7.51,43
25.55,62.39,8.32,46
26.7,56.26,10.2,50
25.86,53.45,2.27,68
29.64,58.95,10.56,60
24.72,60.68,18.98,26
26.86,62.45,4.49,47
21.7,66.11,11.74,27
23.93,59.86,6.42,52
27.28,45.5,8.16,61
27.85,52.62,10.97,46
24.53,79.87,7.48,32
25.3,62.04,4.28,48
21.06,75.11,7.72,22
24.63,67.24,2.81,51
28.47,57.94,1.55,63
27.61,58.34,15.65,41
27.47,55.57,8.46,42
26.2,41.89,9.84,48
26.15,55.87,7.17,44
24.23,65.35,1.2,65
28.37,50.8,14.93,49
27.61,58.84,4.29,48
27.89,62.3,5.0,68
24.9,48.16,13.73,42
20.07,51.78,2.77,39
29.88,47.2,4.66,74
25.2,48.72,4.4,56
24.1,44.96,2.7,57
28.81,48.02,6.51,61
25.6,66.54,3.04,51
29.99,47.83,15.36,52
28.7,56.14,1.43,88
28.93,51.08,2.01,86
22.81,64.51,4.66,42
30.57,65.55,5.96,58
27.73,61.95,3.45,45
25.86,57.48,10.31,46
27.41,53.17,5.19,62
21.66,45.47,8.82,36
28.22,70.55,14.62,31
23.91,48.92,17.98,24
22.94,60.31,4.75,41
22.43,63.48,6.46,40
30.32,50.57,7.45,61
25.09,63.32,4.87,45
31.56,61.15,2.55,79
25.33,68.87,12.24,30
21.8,51.31,2.55,42
23.54,44.8,13.08,41
30.57,51.07,8.35,67
26.36,56.81,7.24,42
25.15,55.64,3.26,52
27.24,52.06,0.86,72
28.22,39.97,12.03,50
30.02,59.04,3.22,76
30.96,71.1,8.73,67
25.48,59.08,9.06,33
22.53,60.29,6.03,38
25.2,60.04,7.31,41
27.16,58.69,8.27,40
23.42,63.03,6.87,33
23.37,58.79,2.94,59
27.2,53.19,1.45,71
25.95,49.39,3.48,56
26.11,53.83,4.43,53
23.65,58.41,15.15,30
25.15,53.44,2.09,68
22.98,58.56,16.62,34
28.33,59.63,20.27,26
28.67,62.87,3.58,56
19.92,66.55,19.8,18
22.57,56.99,5.37,53
20.76,45.99,4.7,45
23.19,53.79,15.16,31
24.78,56.99,7.06,45
20.57,42.05,6.31,49
22.03,67.94,3.44,38
21.67,58.07,3.7,38
25.18,60.09,6.48,58
24.64,68.07,15.15,29
22.13,52.21,2.1,54
24.7,61.95,5.59,39
22.39,56.59,1.72,48
23.08,56.12,3.28,59
28.78,51.53,9.65,56
27.63,71.15,2.76,43
19.57,54.94,12.64,26
25.81,63.66,2.75,48
25.6,43.19,3.8,68
19.57,67.76,0.97,43
25.32,66.87,12.65,32
27.32,59.36,11.41,49
19.18,56.9,1.76,32
19.63,62.05,4.73,33
25.27,77.29,4.41,32
22.87,45.02,4.11,47
23.54,65.52,20.37,21
22.74,52.11,4.06,48
22.71,59.39,2.89,42
17.39,57.71,1.1,38
24.33,56.41,3.02,57
24.52,59.9,15.12,43
20.15,51.06,7.01,25
20.52,68.52,7.02,36
15.88,46.09,3.18,41
21.83,64.91,13.55,25
21.82,58.14,8.83,37
19.73,51.54,4.15,49
23.1,62.68,2.52,47
18.53,48.77,5.6,40
21.03,61.7,2.71,42
16.09,50.16,5.11,33
18.88,65.4,6.54,21
18.23,54.47,3.31,38
19.24,58.42,0.47,49
17.25,64.55,8.09,20
17.77,56.18,3.39,25
20.44,62.07,6.5,32
16.45,50.59,5.28,24
12.74,67.91,18.09,5
22.61,77.15,5.98,32
21.3,85.54,11.33,17
13.08,64.1,4.33,16
18.82,69.85,2.75,30
15.04,49.47,8.35,22
17.13,75.91,3.19,25
17.02,70.26,9.96,26
15.23,60.35,1.96,30
13.37,74.3,7.57,14
13.44,62.53,5.86,25
12.56,61.08,15.81,5
12.61,68.72,8.14,11
14.7,56.58,5.35,30
12.54,73.43,10.51,9
16.53,56.98,0.46,35
18.74,57.2,8.89,26
12.33,58.5,9.45,16
14.58,72.02,10.22,13
15.16,61.18,9.72,25
14.87,55.5,8.62,22
13.48,61.61,4.5,13
15.27,66.37,6.65,22
14.29,57.35,3.56,23
8.93,57.75,2.94,11
15.05,84.03,4.65,17
14.9,60.42,5.12,17
9.75,64.89,7.85,12
11.95,64.7,14.18,13
13.69,64.43,11.19,18
10.81,72.94,7.4,6
14.46,75.72,13.01,19
18.14,65.85,6.02,16
8.49,58.56,8.72,14
6.52,78.81,4.51,10
11.38,68.01,5.91,8
12.44,82.78,4.85,15
9.4,51.13,1.33,19
14.26,70.81,1.36,22
5.7,84.75,1.78,6
11.61,66.73,7.44,12
7.53,67.91,14.4,7
14.32,72.23,12.98,18
14.96,65.54,8.78,15
6.51,67.66,3.91,15
6.98,67.6,2.86,14
11.04,65.43,6.49,18
7.12,80.43,3.83,7
7.98,74.43,1.63,11
8.02,72.88,2.49,18
2.02,77.48,4.48,9
7.58,69.04,14.07,5
5.39,65.09,1.16,13
5.82,66.6,2.03,13
11.47,71.57,4.79,23
3.21,63.21,3.14,10
9.27,67.81,8.06,15
5.84,67.8,4.89,12
5.69,89.05,1.6,12
8.76,49.99,3.89,15
7.27,70.86,6.7,7
7.82,86.22,9.48,4
8.87,73.5,2.01,15
4.84,78.67,7.02,6
3.86,73.55,4.58,6
2.32,67.52,12.9,5
2.97,55.03,3.94,8
14.17,74.71,1.64,20
8.94,66.96,3.33,12
1.03,66.86,0.9,5
1.0,69.37,1.15,8
6.3,87.41,8.11,7
6.39,92.78,7.46,8
6.29,75.37,8.44,12
3.77,70.0,3.6,7
4.06,64.38,2.55,5
5.33,77.63,22.58,6
4.51,88.22,6.42,8
0.0,72.05,2.29,11
3.38,55.07,15.37,8
1.43,79.54,13.89,5
4.43,82.13,9.07,6
12.79,61.62,5.08,21
4.86,75.78,2.89,14
2.75,78.04,4.06,7
6.39,73.9,12.61,2
5.0,68.21,3.21,10
4.76,82.71,1.94,4
5.26,71.41,8.96,9
9.55,62.8,5.6,14
0.0,58.33,3.31,13
4.71,84.85,3.57,13
0.47,79.73,0.68,7
4.87,75.53,3.78,7
0.41,71.34,11.83,10
1.88,70.65,2.58,6
2.22,66.31,25.0,7
6.01,71.48,5.69,8
5.81,57.99,1.5,16
0.0,69.08,6.86,5
3.19,72.49,2.57,3
0.88,79.87,9.11,3
0.0,74.68,13.18,5
2.35,81.36,10.43,1
2.07,85.79,10.26,6
10.28,83.46,4.07,15
4.31,78.76,2.64,10
0.0,75.08,8.37,5
1.34,67.13,2.82,8
6.11,80.88,4.19,7
9.33,88.38,2.92,11
0.0,77.66,3.23,5
0.0,90.24,8.85,2
8.76,62.67,3.07,16
4.36,65.61,8.96,9
0.62,81.65,13.13,9
4.87,76.89,3.69,9
0.0,85.25,2.21,5
3.37,74.58,11.38,4
4.39,67.71,7.18,5
6.24,72.9,2.99,7
0.48,62.3,4.37,9
3.84,65.48,7.63,10
0.88,82.24,1.31,7
4.49,81.38,16.93,5
1.11,77.24,10.74,1
2.65,60.51,5.78,7
0.96,71.34,16.37,8
5.98,64.34,14.6,11
6.69,83.48,4.92,9
3.5,69.33,4.63,13
4.41,65.23,4.78,9
0.05,74.08,8.56,8
3.59,68.64,8.09,9
4.44,85.54,0.89,10
12.56,67.71,7.69,14
1.47,62.3,7.66,4
9.31,56.18,4.82,25
8.02,73.07,6.05,8
5.98,68.72,1.11,10
10.54,61.68,1.88,17
6.5,82.53,2.82,12
6.68,78.25,8.64,14
5.48,72.58,13.57,8
9.44,83.61,8.24,12
9.19,77.88,6.3,14
4.16,65.89,9.58,7
2.22,64.04,0.31,9
5.71,78.78,12.82,3
4.06,75.29,5.19,8
6.42,73.35,11.74,14
10.47,65.1,9.15,13
5.53,76.61,2.99,17
6.93,65.57,6.9,10
7.39,70.67,3.22,18
9.92,82.93,8.03,9
0.79,65.93,18.3,8
5.88,58.5,8.05,9
8.5,62.53,2.87,15
11.63,78.76,10.75,11
6.72,72.7,2.73,11
2.74,69.49,13.2,9
10.4,66.31,2.3,21
6.81,74.12,12.02,7
5.33,63.29,3.78,14
7.2,72.38,8.66,11
8.7,63.94,10.83,10
7.62,62.45,6.84,9
3.0,64.38,4.14,6
12.5,66.32,7.04,23
13.82,68.78,5.19,30
12.14,70.9,5.92,18
6.96,39.35,1.31,26
9.96,62.24,9.4,11
10.74,65.4,6.69,16
12.75,80.42,0.98,11
13.15,59.57,4.36,29
9.14,69.35,0.59,17
11.78,79.85,6.02,8
13.11,57.22,8.48,15
16.3,70.71,3.33,27
14.25,60.97,3.12,17
14.7,63.18,4.18,17
12.79,60.63,3.1,16
16.97,61.03,2.63,32
14.17,88.49,0.82,10
10.57,73.3,3.02,7
17.56,75.19,1.36,30
15.65,70.14,12.79,15
12.43,53.18,14.36,10
12.53,69.02,8.12,9
15.06,74.27,12.36,13
15.77,58.69,2.8,24
15.18,73.07,8.42,14
15.73,70.81,8.26,23
20.1,79.82,7.12,31
18.42,61.49,4.08,33
15.98,55.87,5.7,22
18.44,61.59,6.91,25
12.73,75.8,6.79,17
17.23,49.51,2.49,30
21.67,47.42,13.77,37
15.79,64.51,6.05,25
14.1,60.09,9.83,17
14.9,63.52,3.62,28
13.79,70.85,8.04,21
14.9,58.7,6.36,18
16.35,47.96,2.73,38
13.45,79.14,5.76,14
17.91,54.64,4.49,32
20.77,53.97,4.87,36
15.54,71.11,11.07,15
23.02,59.04,5.27,34
20.19,61.44,10.61,24
21.95,65.65,8.6,32
17.08,70.29,6.25,21
21.81,58.8,11.51,25
16.16,73.46,10.89,14
22.3,44.06,6.26,45
20.33,67.06,6.62,27
21.67,54.11,11.59,27
16.67,71.65,8.98,19
17.69,61.65,13.67,11
22.35,54.98,5.18,42
17.9,65.52,2.11,37
22.31,67.21,3.24,35
17.0,65.05,0.9,29
23.83,51.53,3.06,56
17.76,55.75,8.92,22
23.29,59.44,5.25,47
23.68,59.0,2.71,56
19.88,65.19,3.69,35
23.88,42.93,7.12,47
23.08,61.59,3.85,49
20.85,56.46,4.8,43
19.6,51.94,1.4,39
16.9,52.57,12.6,22
23.99,56.67,13.82,32
18.4,29.45,2.84,59
23.53,52.52,4.36,56
22.6,51.0,0.78,46
25.58,62.15,11.9,25
22.78,51.32,1.84,40
22.84,55.92,5.57,45
26.16,69.87,2.35,41
25.1,65.37,5.66,39
25.18,64.52,10.38,38
25.77,53.2,8.56,52
19.88,61.43,9.01,26
26.89,55.12,1.64,75
26.58,55.32,5.46,67
21.81,60.06,19.74,20
24.24,51.91,6.82,46
24.97,68.54,5.82,33
24.79,55.22,4.66,51
26.31,61.36,6.36,46
29.7,67.97,5.65,62
28.76,64.49,17.52,29
21.67,44.89,9.95,39
27.57,59.64,5.15,56
29.78,62.81,9.61,57
27.04,63.06,3.04,58
29.24,46.95,5.58,74
32.09,50.53,3.85,79
29.2,63.68,9.16,58
26.95,49.57,5.28,56
29.41,53.2,6.29,61
26.78,68.15,4.97,42
26.48,55.11,7.36,42
25.42,49.62,9.26,37
31.22,48.37,13.85,65
24.13,58.0,4.61,56
31.24,44.63,2.48,96
28.19,53.28,7.65,53
22.54,57.89,1.93,42
27.88,65.58,4.51,58
20.51,60.5,1.46,30
28.72,49.41,30.16,22
29.53,64.53,12.67,23
25.13,52.68,11.88,29
27.3,45.17,14.32,43
32.81,53.66,11.01,68
25.45,66.53,6.85,33
23.8,56.34,6.99,45
31.44,55.11,13.4,48
32.88,68.1,14.0,47
27.01,43.55,2.68,74
30.03,44.72,5.17,85
31.02,42.08,6.13,84
24.76,57.99,11.24,34
25.52,56.35,3.07,49
30.65,67.38,2.78,74
32.0,57.0,1.79,105
28.61,51.83,3.9,71
24.25,55.1,4.47,40
32.83,56.05,16.06,55
25.24,41.77,10.38,52
25.79,76.85,11.24,38
27.78,59.36,2.41,54
31.37,56.92,4.93,89
29.23,60.2,9.5,54
27.86,61.0,6.46,57
27.95,54.24,8.4,64
26.64,50.36,1.82,57
28.12,60.26,6.27,55
18.79,58.6,9.86,28
25.42,49.09,2.48,58
26.97,66.98,1.08,66
22.72,58.04,2.39,40
27.25,61.6,13.28,42
25.4,66.96,2.07,52
31.19,56.07,5.9,69
30.56,58.5,1.04,72
24.35,62.52,2.78,57
25.2,50.32,6.75,51
25.34,56.63,5.8,46
24.11,57.29,11.91,28
25.94,48.72,7.8,51
22.98,75.0,2.48,27
21.75,45.29,4.87,45
26.9,46.26,4.13,72
26.8,67.25,0.58,52
22.39,62.54,16.34,25
27.36,48.73,6.01,77
22.66,61.9,6.82,42
25.19,68.89,9.29,30
26.76,57.01,9.38,51
24.07,78.15,10.08,28
25.4,43.68,4.32,73
22.35,63.14,3.92,31
23.17,67.04,12.22,32
22.99,64.95,16.61,31
21.23,56.31,1.03,47
22.79,55.74,11.92,27
18.52,61.75,4.88,38
21.54,64.85,5.53,27
22.01,63.27,0.31,34
21.94,66.9,5.9,30
21.82,50.56,3.67,47
22.2,57.02,0.51,52
23.66,51.46,13.04,18
24.68,56.03,6.77,41
19.94,67.38,7.53,24
18.11,60.27,12.96,25
18.42,80.4,9.5,22
19.91,61.24,1.74,36
20.14,60.32,11.04,23
18.7,60.84,1.31,49
16.95,55.03,8.99,33
19.29,59.83,18.94,19
21.02,69.46,9.05,21
22.07,61.51,4.47,48
18.43,54.4,18.51,20
18.67,53.51,6.75,23
16.94,57.46,2.55,28
19.44,61.81,3.43,27
16.8,70.93,3.34,17
20.87,50.82,21.38,24
13.6,59.15,8.94,17
17.68,63.02,9.17,27
19.46,47.36,8.12,25
18.91,55.53,7.12,23
26.24,56.92,3.96,56
19.01,56.16,2.04,48
14.75,64.23,7.61,22
17.28,61.58,18.14,18
12.03,58.59,7.33,23
16.92,66.63,13.87,16
14.45,77.16,1.0,18
19.5,76.66,7.36,23
14.9,48.33,3.76,27
15.99,68.5,2.43,23
14.23,62.63,15.64,11
21.15,65.47,4.17,35
14.76,61.21,8.93,28
21.01,65.51,5.38,38
17.75,65.95,1.73,37
16.55,60.28,9.82,16
16.0,57.92,4.42,21
15.87,61.67,10.87,20
8.7,67.3,2.8,12
13.44,70.39,3.82,23
16.61,72.6,8.69,21
13.72,61.99,3.01,20
9.44,68.39,9.71,7
13.3,73.99,0.78,18
18.36,75.78,2.06,20
16.79,66.16,6.2,23
12.66,65.03,9.18,19
15.49,68.5,6.42,20
11.34,57.94,8.44,15
7.12,65.75,4.21,13
9.26,73.43,0.7,19
16.52,72.77,4.65,14
10.82,65.64,4.74,14
10.71,69.71,13.09,7
10.34,61.53,9.57,11
16.76,73.92,2.24,30
15.73,67.83,0.49,19
17.32,66.41,5.36,28
9.99,65.88,3.73,13
11.16,68.43,17.25,7
5.54,65.51,13.36,10
14.33,74.52,1.73,20
6.21,66.24,9.37,7
10.18,82.3,8.35,6
6.05,81.43,8.13,11
7.4,62.73,28.53,7
6.47,70.57,5.5,14
6.98,64.96,10.18,12
7.01,67.69,11.19,3
6.81,86.47,7.64,6
10.78,68.14,17.09,9
4.8,73.62,6.85,6
8.61,75.21,10.79,4
11.43,63.01,3.33,15
6.08,64.31,2.05,19
5.3,61.64,8.65,12
6.6,64.33,5.71,11
10.68,48.75,5.96,19
7.57,76.04,4.56,9
5.24,88.24,10.62,9
8.13,73.12,6.75,11
3.23,60.73,23.13,5
8.43,67.03,6.59,17
7.47,68.62,7.91,9
5.18,64.27,11.55,10
3.45,79.41,8.6,9
3.17,79.12,2.14,7
7.31,63.51,5.08,17
9.26,78.66,3.13,5
3.53,85.18,8.29,10
6.7,88.29,7.23,6
0.0,96.09,11.06,7
3.33,66.05,12.11,6
4.88,95.95,3.13,12
2.13,70.62,11.95,10
1.94,68.8,13.22,10
2.64,76.25,2.57,10
5.42,69.06,7.92,16
3.88,76.99,14.9,7
0.0,63.32,5.02,7
0.0,72.05,5.99,6
2.34,84.32,7.88,6
5.45,73.65,6.66,12
0.0,75.31,6.99,5
2.41,78.04,9.44,7
2.25,83.67,9.71,4
7.92,61.13,5.83,10
2.53,79.1,18.25,6
4.77,72.34,3.12,8
3.98,75.87,10.83,5
0.0,83.07,0.52,4
5.74,65.08,6.31,12
4.03,66.58,0.39,9
4.86,59.24,6.63,14
15.07,70.37,8.52,20
0.0,85.44,4.66,7
8.38,73.86,6.17,5
2.31,64.14,10.21,8
4.0,71.0,0.05,12
2.97,63.01,4.04,8
1.81,65.93,15.2,8
1.35,78.06,2.09,5
4.03,65.58,3.45,6
0.0,83.88,0.75,6
5.27,74.42,4.07,14
1.76,75.68,5.6,3
0.0,72.77,27.84,2
1.65,81.18,8.13,10
6.77,81.26,4.23,13
1.4,77.67,1.34,8
4.09,79.5,3.48,11
0.84,73.28,2.89,5
5.32,79.3,0.59,11
5.13,72.24,2.02,8
8.64,74.94,4.35,6
2.59,72.7,4.9,7
5.16,71.22,10.08,16
3.48,69.33,15.67,3
7.11,78.55,4.81,10
1.11,85.26,11.08,3
5.55,84.11,4.24,10
2.78,64.65,2.67,4
3.22,84.97,9.73,3
3.74,72.07,4.18,7
4.28,79.37,3.0,9
3.24,67.26,2.55,15
4.3,75.59,1.16,5
8.46,76.91,6.15,15
6.75,62.46,3.62,10
6.48,79.14,11.38,4
2.58,84.98,18.46,5
1.36,72.74,2.53,9
6.98,84.95,1.62,11
6.83,72.48,15.99,4
8.71,80.72,6.64,13
2.58,56.09,6.46,3
3.8,93.11,7.61,4
0.0,85.64,12.78,4
3.52,71.31,12.72,6
7.79,57.72,9.4,14
3.51,75.71,2.07,5
6.95,61.76,0.9,15
4.57,76.77,2.09,10
6.23,76.41,1.26,11
1.94,65.48,10.21,3
5.76,81.88,3.41,14
0.0,79.25,9.26,3
5.21,80.5,5.91,9
1.01,72.65,3.37,6
9.65,61.15,2.58,17
8.51,80.18,3.16,13
7.72,70.07,1.64,10
11.02,61.0,18.8,9
3.76,82.81,5.41,8
12.0,88.67,5.92,14
9.7,71.41,5.8,10
6.35,88.89,10.03,7
10.62,72.22,2.9,20
4.06,68.31,13.24,9
5.06,66.18,4.52,12
5.87,84.18,4.38,12
6.28,64.71,14.67,8
4.86,76.69,2.86,9
11.87,66.19,7.95,18
7.59,66.84,5.76,12
9.6,78.62,3.35,20
7.01,67.19,8.91,10
3.43,66.85,1.93,12
9.88,79.0,3.32,10
3.52,82.57,6.3,4
9.23,74.79,16.96,10
5.52,64.24,15.92,10
15.77,65.24,8.04,24
12.73,69.81,4.61,14
10.5,71.58,0.67,19
14.16,60.95,11.17,7
8.02,74.48,12.31,9
12.39,69.22,7.96,14
11.55,54.65,4.78,21
11.94,60.78,10.48,12
15.16,64.02,5.63,22
13.74,67.3,5.12,20
12.6,82.83,1.26,13
6.97,69.46,10.09,10
9.26,60.66,6.48,15
11.97,68.98,15.86,8
12.82,64.23,3.56,18
9.35,69.48,2.69,11
20.18,71.36,12.23,25
17.7,76.22,14.09,15
15.16,66.18,5.91,19
13.77,79.31,10.81,11
13.13,73.3,4.51,16
11.11,60.2,4.71,19
14.41,83.37,7.99,16
15.15,68.13,4.66,29
10.86,58.66,7.12,19
15.8,78.4,6.35,27
14.53,81.62,2.15,16
9.48,64.56,7.09,11
12.83,60.63,2.21,28
14.38,63.1,10.21,12
21.49,70.03,12.37,30
17.7,74.36,5.16,19
12.23,68.53,17.03,16
17.9,64.61,13.91,26
12.01,75.61,7.18,12
20.1,60.95,4.74,40
15.64,71.53,11.64,12
16.98,60.81,17.25,13
21.44,66.4,7.61,35
13.8,61.87,3.93,22
13.67,62.17,9.52,21
16.31,59.43,5.86,27
21.38,73.04,2.58,29
13.9,56.25,4.24,25
10.16,56.03,12.33,11
17.5,78.76,5.38,21
20.71,69.45,3.79,35
22.84,42.38,14.38,46
18.05,56.78,12.08,23
18.39,46.65,4.38,33
23.28,53.38,19.8,23
14.4,35.72,5.59,32
19.03,59.58,7.63,28
20.95,51.38,6.29,36
21.91,60.84,2.95,44
19.22,47.21,5.25,39
21.03,60.73,5.79,39
13.64,56.59,0.95,23
19.31,71.78,7.35,19
22.82,70.91,11.05,21
18.68,65.76,2.24,32
21.98,56.72,9.71,35
23.31,75.08,12.77,22
21.11,46.63,5.32,30
22.81,47.69,19.57,25
19.58,58.11,7.22,29
22.01,76.68,0.9,36
24.61,56.89,1.86,64
23.41,56.92,7.47,34
21.33,46.72,9.35,32
23.92,65.7,6.19,36
25.54,65.63,7.15,36
17.39,64.2,6.33,18
27.16,52.73,3.49,70
22.82,51.99,6.35,37
25.24,47.19,1.38,68
27.69,58.09,4.55,69
20.12,48.66,8.89,30
22.24,47.78,2.79,57
23.63,53.7,4.88,45
22.27,53.07,6.68,47
29.94,52.58,18.81,37
22.29,60.52,12.02,32
23.31,57.32,1.33,47
25.7,54.29,21.86,27
21.59,57.97,15.06,31
24.12,48.48,7.01,50
26.36,57.17,10.67,44
24.51,57.45,3.15,60
25.33,44.13,5.81,59
24.12,64.05,2.99,41
21.25,48.95,9.28,35
26.85,56.65,26.32,29
31.23,65.17,4.36,71
26.11,63.2,5.34,52
26.81,56.0,5.97,52
28.28,52.76,4.55,65
22.47,63.18,8.91,35
31.45,60.94,12.66,49
27.02,50.54,3.76,71
31.37,49.08,5.91,108
24.33,38.81,9.75,39
32.04,56.57,2.76,82
28.97,54.64,1.99,64
28.35,64.35,3.7,59
27.44,58.09,10.11,49
26.03,65.86,2.63,41
30.42,49.58,3.92,81
27.27,64.23,5.95,56
20.98,50.87,6.73,41
23.56,61.3,5.35,51
26.37,43.39,6.06,58
27.88,56.92,1.51,59
26.8,39.15,3.57,81
30.64,52.88,10.65,47
21.14,58.53,3.33,40
27.43,50.83,6.87,62
21.55,46.6,6.38,33
29.28,61.77,9.9,60
26.71,54.18,10.92,53
28.25,51.09,13.06,59
24.38,55.36,15.81,38
30.8,76.13,2.66,55
30.07,64.28,0.72,76
28.67,64.37,4.37,72
26.5,58.57,2.48,55
28.6,56.45,3.0,71
24.71,35.97,8.65,53
29.36,49.74,12.54,44
31.7,51.36,7.0,81
29.92,40.24,3.46,78
24.48,46.02,7.26,53
27.7,39.47,10.14,59
22.68,55.06,1.52,47
28.22,61.96,4.63,64
27.8,64.32,4.95,36
20.77,58.83,5.23,40
22.83,47.87,2.81,46
25.39,40.17,7.39,50
25.27,41.64,7.91,52
22.46,45.61,2.61,53
27.18,48.71,14.65,56
26.68,54.62,2.05,62
25.26,47.85,3.35,67
23.48,58.75,1.87,54
28.8,54.26,1.6,63
30.53,56.28,6.49,72
24.01,65.4,3.34,48
23.52,46.93,10.97,35
26.73,59.81,2.85,67
24.07,56.44,3.38,43
24.61,53.97,9.97,48
27.14,63.82,2.26,56
19.07,63.87,4.04,24
28.63,49.36,14.48,38
24.77,55.58,0.32,53
23.19,59.39,1.53,32
24.03,55.07,16.22,40
24.05,62.04,8.02,40
18.84,59.72,7.37,25
28.38,72.25,1.53,58
23.88,45.46,6.3,59
24.94,56.84,2.66,49
26.32,50.68,11.18,41
20.26,62.9,11.54,18
24.59,45.25,3.65,54
22.21,61.09,8.46,27
25.4,53.41,7.65,34
16.32,52.71,5.3,23
22.25,47.14,2.75,55
20.57,55.13,4.06,31
23.52,67.66,10.87,28
23.46,58.92,14.63,38
19.76,64.28,4.37,39
19.58,72.72,15.66,17
21.21,61.66,8.02,37
18.68,55.22,5.44,32
23.72,63.58,4.96,38
19.91,55.63,2.9,38
12.11,56.1,8.9,16
19.53,48.13,17.5,24
17.36,67.85,5.27,20
15.39,57.51,2.44,31
16.39,62.21,9.97,30
20.24,52.62,4.19,35
23.71,64.55,2.87,44
20.47,55.13,1.45,50
17.52,60.25,8.69,22
20.52,68.57,13.05,24
17.58,68.03,1.93,30
16.67,61.69,4.57,18
15.1,47.89,4.9,25
13.11,86.14,3.05,11
16.99,76.33,15.37,15
18.44,68.31,1.38,31
17.47,56.67,8.08,35
16.31,61.96,9.24,24
14.52,58.69,3.03,22
18.98,73.31,2.4,28
13.0,65.47,3.5,13
19.08,57.27,0.9,38
13.54,59.95,3.75,11
14.08,72.85,4.2,20
11.73,76.86,19.94,13
14.42,76.45,1.09,18
18.65,70.45,5.24,21
17.06,62.55,10.16,16
18.25,38.81,17.85,26
16.67,67.29,1.24,25
11.59,65.07,19.57,7
13.7,66.38,4.55,21
12.14,65.86,4.58,23
18.27,54.99,1.96,25
10.48,70.23,6.16,23
16.55,71.0,19.63,12
16.34,71.58,6.07,24
18.94,73.86,2.77,26
12.02,71.29,3.3,17
15.18,63.35,3.45,20
19.69,66.23,16.19,22
10.79,67.7,18.66,10
7.83,68.0,1.38,8
6.6,75.29,2.12,13
14.17,72.62,2.37,18
6.19,84.26,3.63,7
10.52,85.45,21.1,7
12.75,68.6,19.37,11
11.8,37.44,5.8,25
12.32,78.19,4.02,12
11.52,64.13,0.65,18
14.5,62.21,6.82,17
7.61,65.59,6.25,17
8.25,65.36,1.89,18
7.77,73.99,7.9,10
12.39,56.77,11.32,20
12.41,60.78,1.87,19
10.88,72.3,3.8,16
12.9,74.7,10.92,17
5.63,75.0,3.15,4
13.99,63.72,3.67,20
13.38,62.33,3.88,17
10.84,66.25,8.17,11
13.8,72.37,12.44,13
3.32,82.48,17.11,4
6.54,54.36,11.81,7
5.74,69.11,5.76,11
9.94,60.35,9.24,19
4.47,57.93,1.74,18
9.73,79.02,22.94,6
11.41,75.78,2.88,16
9.22,75.15,8.75,9
7.83,79.05,6.5,10
3.87,67.97,1.56,9
4.14,68.47,2.89,15
10.28,89.54,13.01,14
8.73,70.2,5.18,15
6.13,78.18,2.46,12
4.85,72.46,4.57,14
0.0,57.74,2.46,5
2.62,56.28,3.63,13
11.44,68.12,1.19,20
1.73,81.31,5.76,5
6.01,79.27,6.45,11
8.34,80.38,3.68,10
1.44,65.27,12.97,6
5.64,86.19,3.87,7
7.78,65.64,5.18,12
4.89,75.16,3.49,10
13.35,73.46,4.19,14
0.0,72.24,9.53,2
7.72,84.43,1.79,12
3.92,68.16,7.84,7
6.66,63.08,3.13,16
5.57,74.12,1.87,11
1.96,70.83,4.31,9
4.76,100.0,8.68,3
0.0,79.59,4.23,9
5.72,70.97,2.55,10
4.73,65.86,18.91,3
5.67,59.33,7.09,9
6.86,66.23,5.92,9
4.72,75.4,8.5,10
4.0,85.96,9.16,2
0.85,83.56,3.83,7
1.3,76.47,10.47,5
6.94,72.09,1.49,14
7.64,76.87,8.87,5
2.57,70.61,4.04,10
3.38,88.54,13.25,1
0.49,73.32,3.8,10
6.69,74.17,11.62,9
5.13,57.16,7.25,6
8.93,73.35,10.17,8
0.45,81.62,6.02,7
1.92,66.41,1.02,13
3.73,68.96,12.59,6
4.96,81.32,13.17,7
2.37,63.18,4.37,9
0.39,83.46,3.23,7
5.65,70.74,10.78,7
5.16,71.89,7.16,8
0.25,66.01,5.05,5
7.08,78.02,8.19,13
6.53,94.66,4.35,6
3.43,81.23,13.03,5
3.29,68.04,4.65,13
4.73,84.03,10.78,6
0.51,72.39,6.01,9
3.21,85.9,7.52,7
0.0,81.33,18.51,2
5.82,51.3,3.91,16
0.0,66.78,10.28,9
7.78,82.33,15.71,6
2.32,75.95,10.01,10
2.72,66.51,13.55,2
1.53,69.59,6.5,3
2.6,59.36,9.62,8
7.78,73.86,11.58,9
0.0,92.2,5.91,5
7.48,80.9,2.87,10
4.74,91.92,2.44,5
0.17,81.4,17.14,4
0.64,82.5,15.28,4
8.98,90.0,3.29,5
1.19,77.16,13.55,5
0.66,72.57,8.25,6
7.62,82.26,6.07,11
5.31,85.55,3.2,10
1.58,70.0,5.42,6
5.14,67.99,2.68,9
1.51,74.79,4.72,7
8.0,80.24,2.62,16
7.99,79.88,1.68,10
6.51,62.01,13.78,6
6.11,88.6,5.16,5
10.43,68.09,7.72,12
5.26,70.99,3.74,12
1.84,65.79,4.97,8
6.86,94.5,2.54,7
11.89,74.74,17.24,6
2.72,65.89,11.08,6
4.82,79.49,3.68,11
7.29,78.62,2.53,13
6.01,70.85,1.54,9
3.37,78.96,6.49,7
9.83,65.51,10.13,9
13.57,68.05,9.41,11
7.34,55.79,4.13,11
4.19,61.15,4.93,11
2.41,86.08,2.46,7
7.99,84.62,2.87,11
10.69,71.88,13.75,10
8.96,84.52,1.03,8
7.69,69.8,0.89,6
6.1,69.0,3.3,10
4.75,71.26,17.1,5
10.7,69.67,5.97,9
11.11,68.8,25.71,3
3.91,79.53,4.49,10
13.49,71.44,9.65,15
10.62,75.79,12.49,9
13.27,78.19,22.73,12
5.23,72.89,3.55,12
5.34,61.87,5.92,17
9.17,58.66,5.07,12
11.32,70.52,10.23,10
15.38,67.8,15.87,13
12.3,69.71,15.84,20
9.64,68.73,3.48,18
7.48,89.37,2.88,12
14.45,57.89,9.46,20
8.06,52.46,2.19,19
16.03,70.87,10.4,16
10.49,65.04,5.91,9
16.31,70.41,14.17,6
13.77,72.39,12.66,12
11.52,77.83,6.51,14
10.58,55.33,2.01,22
11.31,62.77,2.18,21
13.82,70.48,6.15,14
12.97,73.05,8.35,15
11.16,84.26,4.56,9
12.65,74.19,2.64,21
13.59,65.92,4.69,22
7.17,59.08,14.25,12
15.14,61.52,4.69,24
11.03,61.12,3.59,20
10.71,70.93,2.12,15
9.32,67.57,5.6,9
9.21,54.76,12.75,8
10.73,61.68,13.17,7
12.87,72.02,2.99,15
21.07,67.64,6.55,34
13.84,69.2,3.25,22
16.15,67.55,4.38,21
17.03,77.32,5.52,18
16.42,66.03,3.93,22
16.0,60.88,17.28,11
12.86,56.47,3.57,29
21.0,65.62,3.33,34
22.27,43.93,2.97,59
12.01,61.81,1.42,23
14.19,61.47,17.62,10
16.62,52.03,5.82,20
14.77,55.35,8.43,21
19.38,69.09,7.65,23
15.88,64.29,3.83,27
24.76,63.09,5.8,50
22.03,64.57,9.83,39
19.3,62.69,1.6,46
21.94,71.73,4.32,40
22.37,62.61,4.94,34
17.55,49.8,3.73,26
16.99,74.34,3.67,17
19.86,64.11,6.68,33
22.4,56.27,14.73,30
20.42,50.8,8.15,26
15.46,63.84,2.9,27
17.97,59.58,29.21,15
20.34,72.96,14.82,14
20.52,57.45,3.96,29
26.84,53.36,14.97,44
16.95,67.08,6.79,26
22.8,67.17,2.07,42
25.92,60.97,13.71,40
28.44,64.89,2.9,56
20.59,59.03,8.42,35
23.44,61.06,6.52,34
23.85,68.37,8.93,20
22.89,63.92,18.53,17
22.17,57.43,5.74,40
23.93,69.46,2.04,41
15.19,39.59,3.27,37
24.99,74.8,1.9,38
23.47,44.61,1.36,75
22.58,53.11,12.56,43
29.53,57.68,6.35,58
21.52,56.71,5.23,33
22.47,65.81,4.04,26
29.8,49.18,10.59,52
21.47,59.62,16.14,17
22.45,52.79,2.83,44
23.79,59.67,8.18,39
26.89,56.68,11.96,40
25.11,57.83,7.02,63
20.74,52.59,9.99,32
23.14,52.8,2.02,44
23.04,59.08,16.44,33
24.74,64.24,10.63,36
26.36,51.81,8.78,56
26.45,49.55,11.38,49
19.98,61.32,4.59,42
28.6,56.07,2.39,89
26.27,62.89,1.91,57
29.76,48.91,1.64,85
27.04,41.84,8.1,65
29.1,51.74,4.18,77
27.28,49.8,15.75,32
30.01,55.23,13.59,49
27.62,50.7,10.58,49
25.84,61.65,9.0,32
33.02,53.36,3.26,104
28.95,56.81,3.8,62
28.07,56.81,3.25,68
22.58,57.05,2.32,45
22.61,55.24,5.36,43
27.41,59.47,11.85,39
27.03,48.98,5.09,59
24.8,66.49,3.1,48
27.11,53.37,5.09,51
31.5,44.73,6.64,83
28.86,56.69,3.9,56
23.39,48.35,5.39,56
26.51,60.45,28.89,21
24.46,72.78,1.59,31
25.74,48.79,0.66,65
25.69,57.72,6.29,58
25.52,41.0,7.83,64
23.2,58.66,5.18,52
26.6,47.93,2.51,78
25.31,50.01,15.57,40
18.21,46.19,6.01,35
33.16,60.86,6.51,78
30.27,63.06,10.46,51
25.87,55.19,5.01,64
27.04,48.1,4.65,78
23.46,67.74,15.57,30
32.05,49.03,1.13,119
32.63,37.75,7.53,101
27.39,58.73,7.05,50
29.96,46.25,4.15,78
27.39,63.02,5.19,58
22.82,52.09,14.65,27
25.56,60.0,2.9,55
27.15,66.42,9.98,46
25.35,45.57,5.87,72
26.01,50.75,9.24,57
26.34,54.72,7.93,62
26.32,67.67,0.61,56
26.66,50.15,2.83,66
23.26,50.71,3.23,59
24.23,59.34,2.49,49
22.46,50.95,3.6,42
29.18,56.85,6.5,51
19.85,43.28,11.16,33
29.55,73.47,1.81,50
30.17,45.04,5.93,92
25.02,53.32,7.24,44
18.03,55.71,12.66,24
24.67,71.34,16.78,35
25.46,45.52,4.99,59
22.53,72.07,2.54,39
23.91,62.34,7.6,28
29.95,59.71,2.65,77
27.25,48.58,7.15,63
22.37,61.12,3.1,32
20.24,50.85,8.5,33
23.94,66.87,3.29,39
24.16,49.07,15.74,33
26.17,56.03,5.88,43
22.95,52.6,1.27,50
25.96,49.24,11.39,48
30.1,63.18,5.05,71
26.61,61.64,8.97,37
23.89,67.15,11.54,23
23.35,43.35,6.13,57
22.68,66.22,1.69,48
27.15,77.87,6.57,47
21.59,54.33,14.34,34
23.46,73.23,5.41,35
23.32,56.09,7.94,43
21.51,47.34,2.92,44
18.74,56.0,1.42,38
23.67,66.97,5.13,36
22.36,52.01,5.99,36
23.88,54.04,12.49,31
20.62,63.73,6.29,33
25.72,59.15,11.83,39
19.25,63.94,4.09,30
26.85,61.31,1.65,69
16.3,63.38,8.27,23
22.67,56.23,15.38,25
22.62,61.69,3.63,46
18.63,52.57,9.16,26
22.11,70.44,9.41,27
24.49,55.21,4.96,52
13.82,69.47,9.7,15
21.79,58.73,7.58,41
12.62,62.37,9.71,15
17.02,56.95,8.59,24
24.61,52.94,5.47,46
17.79,47.26,5.98,35
15.82,52.94,12.26,22
18.55,58.95,6.56,40
25.16,63.4,3.23,42
13.26,69.95,5.02,21
15.41,58.47,7.92,19
22.86,55.14,11.73,33
23.74,50.82,1.4,71
17.65,66.37,4.81,27
14.05,73.76,11.13,7
23.85,73.0,2.89,41
22.14,68.71,2.9,42
19.19,68.31,5.93,20
14.52,76.95,1.29,19
16.6,66.2,18.18,18
16.06,68.88,7.85,18
17.33,61.32,9.14,30
20.49,53.16,12.84,33
18.57,58.76,25.09,20
12.49,64.32,5.48,14
19.65,65.06,1.38,36
16.25,80.15,7.35,19
17.16,65.56,3.05,18
19.3,74.52,2.1,29
11.36,61.78,3.94,18
14.38,62.94,5.4,21
12.68,54.97,12.99,12
9.37,59.84,18.5,14
14.91,70.16,2.37,23
21.19,66.18,4.17,41
7.93,73.83,8.85,13
13.15,67.91,9.73,14
14.97,63.81,2.63,26
13.21,83.98,11.15,13
12.3,66.22,3.22,21
8.54,76.44,2.53,10
12.93,64.09,8.58,16
9.77,73.15,13.23,8
5.27,75.06,7.35,11
15.22,69.47,6.47,17
14.31,49.13,5.48,31
11.4,68.28,6.2,16
11.73,78.14,4.91,15
14.08,72.68,8.76,11
11.33,72.18,6.21,12
13.18,55.0,24.09,14
9.38,63.17,7.57,7
14.02,72.38,4.92,21
10.86,72.53,2.4,17
10.3,79.12,2.69,12
5.72,68.4,7.81,9
10.21,72.96,3.76,18
6.67,69.99,6.72,10
7.07,62.12,13.75,11
6.36,52.11,1.97,19
5.43,73.76,5.18,11
14.83,71.84,1.44,21
12.28,65.65,6.91,14
13.88,57.78,1.61,28
4.28,75.92,1.92,11
7.99,68.89,17.13,9
3.74,75.61,3.45,11
5.37,86.2,2.53,9
4.54,54.29,13.69,9
10.86,65.95,2.51,26
5.79,70.01,7.48,4
10.04,83.45,7.64,7
8.49,58.84,10.64,10
13.44,87.54,2.15,17
1.95,73.26,2.87,7
10.02,71.53,3.49,23
9.54,70.83,2.99,16
3.05,69.04,10.16,9
8.85,81.02,7.65,14
6.71,64.2,8.52,11
4.89,75.62,1.36,11
2.97,69.89,6.78,6
3.16,66.97,15.19,4
11.35,93.85,22.09,5
5.09,76.62,3.99,11
7.32,78.27,10.8,12
2.48,82.55,2.94,4
2.41,62.17,1.42,7
7.89,87.65,1.51,9
0.49,53.65,13.83,5
3.19,67.65,4.24,5
4.45,70.21,3.58,8
4.58,78.61,9.91,7
3.62,75.78,1.86,6
5.26,72.77,8.24,12
6.07,74.08,4.91,9
6.11,66.42,20.72,2
0.87,62.33,4.15,9
2.9,80.18,5.21,2
7.27,79.98,1.49,11
6.3,87.16,22.84,2
0.0,68.22,4.38,5
4.55,80.13,17.66,5
0.0,72.37,1.06,6
3.53,84.2,7.17,6
9.03,82.9,21.26,8
0.44,76.45,3.46,4
0.74,72.08,6.82,9
5.5,82.52,14.15,4
0.0,80.03,4.43,4
1.24,69.41,1.44,5
4.9,64.29,3.91,4
1.18,72.62,7.24,6
2.35,87.07,7.18,4
5.27,84.14,9.53,6
4.29,66.08,2.83,11
3.81,65.65,20.17,3
1.99,85.19,2.91,6
4.11,65.91,6.2,12
2.63,79.07,7.44,8
4.38,70.07,6.92,3
1.52,87.93,2.16,3
2.47,68.82,14.38,8
0.06,84.12,3.76,12
2.94,76.44,7.93,6
0.64,76.96,6.77,4
0.0,59.16,6.75,8
3.9,57.28,1.31,15
3.79,73.11,3.49,10
5.53,76.82,7.87,6
1.93,65.81,1.39,11
4.49,66.07,4.89,7
4.96,79.23,6.33,8
4.69,79.2,9.2,9
0.93,73.56,6.23,3
3.91,80.85,5.02,7
4.62,65.17,7.01,7
3.61,71.66,4.78,9
0.0,87.64,2.74,11
4.2,74.95,3.88,8
10.43,75.35,7.8,9
2.79,92.72,5.05,6
1.76,63.01,27.2,5
5.15,80.51,2.07,9
5.05,87.38,7.62,4
7.78,71.4,8.52,15
0.52,80.8,6.11,9
6.59,65.98,4.53,14
6.26,68.27,5.73,12
4.16,76.75,5.76,11
5.71,79.98,16.32,3
7.89,82.47,0.95,7
7.53,85.96,2.68,5
1.6,72.77,7.05,6
7.6,82.76,11.99,9
5.07,70.38,2.83,7
5.6,80.23,2.21,9
5.73,74.57,5.21,14
5.19,76.37,2.69,11
9.34,76.08,5.24,14
5.65,59.75,2.74,12
2.68,63.48,9.3,5
4.99,73.17,2.81,3
6.85,58.74,1.16,12
10.15,78.77,9.33,11
8.42,78.97,5.83,5
4.2,74.49,4.15,17
14.36,62.78,4.24,19
7.85,82.66,6.34,12
11.04,87.78,2.21,7
6.92,72.53,1.61,11
9.14,75.3,2.81,11
10.22,72.7,4.55,12
11.52,75.19,2.61,16
11.2,69.85,16.25,13
10.82,70.39,2.81,22
7.43,77.77,6.0,6
6.83,89.15,8.15,7
9.72,59.03,13.04,12
11.7,69.26,17.96,16
8.41,60.49,22.62,7
12.45,82.52,12.61,11
13.8,64.93,11.31,14
6.87,57.94,2.35,13
7.3,74.43,8.5,8
9.57,83.13,4.75,15
11.1,74.32,4.79,10
8.8,70.5,4.17,14
14.62,71.97,2.31,24
12.03,79.86,3.64,13
11.07,61.38,2.68,16
6.84,67.32,0.95,13
7.39,64.43,14.4,2
12.38,58.54,5.91,17
5.34,65.09,6.09,16
14.97,76.42,5.5,23
11.66,71.92,11.94,15
22.07,72.37,6.52,31
19.46,68.22,14.71,21
12.2,71.07,9.11,15
12.63,60.31,3.13,23
16.14,64.07,13.25,12
18.46,67.91,7.4,23
8.64,68.42,5.41,8
8.4,68.59,11.01,9
12.1,64.75,5.96,18
15.92,62.67,9.67,19
15.87,90.78,1.98,18
17.8,72.6,6.06,18
11.19,68.48,3.31,10
8.05,63.13,22.1,8
17.78,61.22,14.04,24
12.93,63.61,6.81,19
9.56,66.83,13.18,12
16.26,49.27,3.36,30
18.41,51.59,4.02,27
15.87,58.87,0.75,31
15.07,65.46,9.33,29
16.17,61.71,0.65,35
15.74,75.28,3.69,17
13.01,51.43,1.92,35
15.11,57.11,11.74,14
19.03,75.11,20.7,13
18.63,63.83,10.39,18
18.37,69.69,9.15,25
15.08,78.86,6.87,14
17.72,56.73,6.43,24
11.93,61.32,2.87,25
19.19,59.77,1.34,34
23.14,46.15,6.33,55
14.63,59.14,7.47,23
17.49,68.51,7.44,24
20.42,65.63,8.23,41
23.39,66.1,9.82,23
18.47,57.98,6.13,32
17.93,55.58,2.62,31
14.29,70.83,8.03,18
20.69,56.54,9.4,27
26.69,62.72,4.61,53
21.58,61.52,9.42,37
20.86,71.76,6.38,17
22.07,67.68,2.28,40
21.25,49.4,25.37,19
19.02,50.12,4.43,34
24.1,64.11,2.45,53
22.48,58.82,3.28,31
22.02,55.55,0.45,43
19.21,67.18,4.72,22
26.21,60.41,14.53,29
24.46,59.2,6.79,50
20.97,64.88,3.01,27
25.79,55.51,5.64,58
21.45,70.93,5.68,39
20.75,51.95,4.52,32
20.97,63.38,11.24,23
18.08,69.48,7.54,23
24.95,46.87,2.55,62
18.19,55.02,11.03,23
20.14,66.78,13.61,19
17.74,66.79,7.71,23
23.84,56.04,4.9,49
23.78,51.43,3.79,39
23.38,64.84,16.75,22
21.36,66.56,7.28,27
21.1,47.67,6.27,52
26.13,47.25,2.07,59
23.21,58.59,2.79,47
25.92,61.72,1.55,55
22.43,54.2,4.84,49
25.74,61.94,3.72,48
29.22,50.73,6.5,60
27.17,39.41,12.46,48
24.27,52.85,9.46,37
26.38,56.67,10.79,35
24.98,53.87,12.24,44
25.82,46.73,2.99,72
24.91,41.4,4.24,57
25.48,51.75,3.77,64
26.69,62.97,9.8,41
23.15,65.77,2.0,35
23.16,65.16,14.99,26
22.11,49.07,4.11,58
21.55,46.31,2.14,45
22.76,59.46,4.25,51
26.95,60.52,4.48,60
23.86,58.59,5.01,44
28.13,39.23,5.19,80
26.74,48.36,12.17,54
20.78,55.02,7.37,30
28.7,59.12,2.12,78
29.21,61.33,4.41,63
23.83,56.31,3.68,45
28.11,57.77,6.08,52
24.31,55.78,5.44,47
27.2,60.56,18.12,35
23.14,57.56,10.76,37
21.57,55.57,8.83,29
25.82,52.88,0.67,64
26.61,55.67,10.46,51
25.8,58.88,1.01,59
23.45,57.14,3.97,46
25.8,58.05,4.39,64
27.81,65.74,11.85,46
26.86,57.13,2.47,47
27.53,49.82,5.02,62
24.96,62.09,1.69,58
30.48,44.1,8.35,79
23.41,46.4,4.0,55
28.38,57.75,6.57,51
30.44,59.22,0.24,92
28.31,45.15,2.21,91
26.22,52.08,6.71,57
25.21,50.32,9.21,46
29.86,51.31,15.12,39
22.44,62.79,13.67,32
23.76,60.93,3.54,43
25.42,55.17,6.48,60
30.27,51.0,9.93,67
27.64,44.62,7.27,64
23.54,66.82,4.43,32
25.45,60.25,6.7,45
24.47,49.92,14.39,37
24.11,61.39,5.63,53
29.11,55.13,8.47,54
21.98,53.46,7.02,50
30.84,59.31,3.37,75
28.41,49.96,11.81,53
29.11,53.22,5.76,66
24.36,57.01,4.39,53
25.21,52.12,6.97,40
21.26,61.55,12.74,14
23.89,71.24,6.65,37
26.84,50.33,6.56,49
29.14,43.14,8.28,70
21.82,40.53,9.7,36
23.93,55.44,4.77,48
24.46,51.43,5.25,63
20.61,58.5,4.5,31
26.45,58.0,8.23,48
22.38,44.21,5.75,55
23.84,42.62,5.98,61
22.94,59.62,6.13,43
21.8,58.44,1.93,42
24.01,54.07,9.14,45
23.25,44.33,4.65,48
22.64,61.48,5.81,45
21.43,68.0,4.03,33
24.43,60.17,2.46,37
28.28,51.29,6.61,68
23.59,58.55,7.89,35
26.01,47.39,25.1,32
18.69,66.91,3.76,28
23.18,59.23,10.18,31
19.25,44.57,4.58,33
17.95,56.44,10.79,22
20.0,62.69,8.78,24
25.63,56.46,3.8,57
24.74,57.06,2.28,60
22.44,49.61,1.67,47
16.94,64.08,11.52,25
20.78,54.5,2.85,53
22.1,42.59,11.35,40
21.54,57.02,6.03,39
15.3,67.99,4.83,19
17.98,57.19,9.69,18
20.28,74.34,4.6,28
21.9,64.03,9.07,33
13.51,63.46,3.81,23
19.43,59.88,14.25,19
20.15,60.52,3.35,39
22.08,59.12,9.16,39
21.42,58.96,12.56,29
20.9,65.79,0.14,40
16.55,54.22,8.55,19
13.03,53.26,3.4,21
17.38,53.05,9.65,23
21.37,78.56,7.04,27
22.34,66.61,8.36,31
20.1,64.97,5.7,30
19.05,54.24,13.12,22
18.7,67.85,1.74,32
15.69,62.1,12.19,14
16.77,64.92,3.86,23
21.96,55.56,0.95,49
13.92,64.82,6.2,17
21.39,60.32,3.5,41
15.37,57.76,8.14,24
20.11,69.93,8.7,27
11.71,51.92,5.31,14
17.48,68.92,8.4,14
13.31,70.05,7.34,17
11.06,57.7,6.12,30
15.76,58.35,5.18,33
17.93,63.3,4.06,33
12.16,67.51,18.23,4
9.99,64.21,5.91,21
14.0,69.07,7.59,21
13.81,79.88,9.35,11
15.51,61.88,4.86,22
16.51,52.4,7.97,23
13.28,72.89,17.16,13
18.82,79.92,3.34,25
13.72,69.77,17.16,13
11.8,58.1,9.81,17
7.81,65.98,3.82,15
11.65,58.19,3.18,15
11.23,72.45,17.09,7
14.92,56.66,11.63,17
13.22,65.24,5.44,16
8.1,59.77,4.2,14
11.96,68.98,3.83,17
13.26,65.2,5.24,21
15.63,69.71,5.62,17
13.52,68.63,6.78,10
12.94,60.72,2.79,22
10.65,73.79,3.7,12
11.44,68.55,5.04,20
13.84,61.19,21.37,15
5.9,87.18,7.31,4
8.67,73.22,1.96,22
7.21,68.33,2.91,8
10.48,81.03,16.96,12
12.86,84.6,13.19,9
7.19,68.85,4.56,15
1.64,72.94,8.52,8
7.39,62.4,7.86,23
11.2,69.27,6.05,13
9.9,69.0,3.21,13
9.4,72.22,1.27,18
7.11,73.54,10.82,10
3.94,75.49,7.98,2
9.16,73.05,3.25,13
4.95,61.6,12.81,9
13.85,63.91,16.53,19
8.85,67.18,7.14,14
5.24,69.42,5.89,10
5.0,80.21,1.64,14
6.4,62.63,5.29,15
5.81,69.2,2.58,12
9.74,79.8,5.51,14
6.8,69.9,11.92,8
3.91,76.1,9.31,5
11.64,71.41,13.05,11
5.98,74.69,4.97,7
8.01,70.92,2.08,16
3.75,78.19,4.81,9
6.54,60.6,7.16,15
6.26,70.16,13.43,8
0.0,75.54,10.55,7
11.13,77.53,1.41,12
8.84,85.3,7.0,6
3.67,70.32,11.84,8
1.44,85.38,14.05,3
5.68,68.36,12.45,11
4.8,84.35,3.55,8
5.51,80.34,3.69,5
4.92,66.57,18.23,9
5.77,76.41,4.32,5
8.5,73.62,16.38,7
5.78,79.11,2.93,8
0.84,72.39,5.51,7
8.0,71.78,0.88,14
8.75,85.26,5.23,13
13.21,73.58,3.16,16
0.32,81.04,9.35,4
4.35,72.68,9.3,7
0.0,87.87,8.18,1
5.15,69.16,3.28,6
1.79,69.72,13.09,7
9.16,86.88,6.23,10
1.01,71.16,9.88,6
0.0,87.57,12.5,1
1.83,81.93,6.75,10
0.0,73.59,1.9,5
5.42,60.35,7.31,10
0.0,74.73,5.27,4
3.19,75.72,3.02,11
0.0,84.27,15.22,1
2.1,87.66,4.85,10
7.97,69.49,8.93,7
4.11,81.39,10.41,5
0.42,81.11,7.31,2
2.91,83.58,4.45,9
3.06,78.99,1.71,12
4.42,59.46,8.12,13
0.0,73.75,4.88,8
4.79,65.75,17.93,10
0.0,73.36,3.62,11
1.14,82.81,0.91,9
1.58,77.4,2.36,8
4.97,84.13,12.44,4
3.16,77.66,10.63,6
0.0,64.51,15.14,2
0.2,54.71,5.34,5
3.78,76.04,9.74,4
2.99,73.1,7.07,3
1.53,66.96,3.83,14
1.87,61.14,6.2,9
5.45,68.82,4.63,8
1.86,73.1,14.58,5
3.2,79.94,3.81,7
10.03,76.07,15.98,6
0.0,87.38,3.62,8
0.0,66.17,4.63,5
6.07,81.45,6.42,9
1.76,74.72,3.49,2
2.91,79.83,6.38,13
1.6,70.72,7.01,7
3.25,82.71,14.08,5
8.91,76.43,0.9,8
6.61,68.56,3.65,16
6.88,73.82,17.33,4
0.14,71.92,4.55,12
1.04,77.67,4.55,7
0.0,64.24,3.47,10
2.27,73.35,9.59,5
7.67,76.66,1.59,15
6.46,73.67,7.85,15
4.36,84.09,18.99,8
5.08,79.41,1.24,11
3.19,73.06,9.67,8
6.0,74.75,2.24,4
7.81,75.27,8.18,10
0.79,76.03,7.71,7
6.67,58.09,10.12,12
8.7,70.17,4.12,13
4.79,60.59,4.28,11
8.28,82.58,10.31,11
14.76,71.75,4.09,25
6.15,70.57,11.13,6
7.79,79.17,0.64,23
4.54,75.25,7.38,6
7.45,62.72,10.66,11
8.44,71.05,5.34,11
7.8,68.8,14.46,9
4.32,57.4,4.23,18
8.15,65.7,7.18,17
12.08,69.62,11.89,7
9.21,70.03,2.47,11
10.92,58.95,12.58,21
7.49,79.88,7.79,8
10.62,69.71,3.35,18
9.38,70.68,6.0,9
5.87,73.44,3.12,8
9.85,63.78,9.16,11
6.1,73.59,5.03,13
7.36,66.85,4.57,8
10.01,62.46,9.36,14
10.51,74.07,5.26,18
6.24,81.26,6.22,7
13.16,74.97,5.91,14
11.9,76.4,0.86,18
8.26,64.69,1.87,16
5.95,55.92,3.69,11
10.32,80.46,3.9,15
9.61,84.81,0.77,9
11.48,80.56,6.22,11
10.25,65.36,5.56,15
5.52,58.65,6.74,9
10.57,59.19,4.8,20
11.02,54.08,15.65,14
14.04,66.53,8.61,19
10.24,80.06,16.96,5
17.57,65.92,2.46,35
7.01,69.3,4.7,10
16.88,77.72,3.96,18
12.48,63.31,1.5,18
15.93,82.66,5.36,17
13.8,82.14,0.71,20
17.18,64.98,9.09,19
12.81,61.24,13.28,10
10.88,71.27,5.13,11
18.64,62.74,6.69,30
14.25,56.09,13.37,19
15.46,75.42,2.87,17
18.7,74.73,1.48,21
12.11,66.07,0.69,13
17.2,54.55,3.14,31
13.85,54.65,3.59,23
15.43,65.17,9.56,20
16.25,60.14,1.96,17
11.74,61.24,1.42,21
14.11,71.97,10.71,21
20.7,69.49,3.79,28
19.51,74.48,6.73,23
16.87,55.36,9.96,19
17.99,60.37,27.07,5
16.58,69.02,7.9,27
21.73,66.37,3.47,38
17.26,74.87,10.58,10
18.76,65.81,2.73,41
21.7,77.07,13.26,19
16.13,66.44,3.28,20
23.34,70.45,2.31,39
14.26,59.2,6.15,18
23.94,61.74,7.74,45
18.13,68.75,2.4,27
18.71,74.21,3.7,28
13.96,66.98,8.36,14
18.45,60.32,6.86,21
16.89,71.85,8.03,19
18.37,43.14,13.43,26
19.97,49.14,7.4,28
23.44,65.82,15.92,31
21.37,60.33,11.0,46
21.85,64.91,3.77,40
17.82,60.43,13.84,28
18.64,64.33,7.18,29
26.85,53.1,12.44,41
19.42,64.04,8.14,24
26.77,67.29,18.55,20
21.24,68.96,2.32,27
22.14,75.16,5.06,35
25.51,60.87,9.21,45
26.28,60.97,6.63,46
22.29,46.46,2.75,55
21.62,54.26,17.34,24
22.77,56.84,5.63,46
24.11,66.66,11.64,31
25.92,53.24,8.71,41
23.41,64.38,10.31,24
25.4,57.87,2.18,58
28.6,56.35,5.81,69
24.97,59.64,10.48,40
24.9,54.4,11.58,30
19.54,53.98,10.9,23
16.34,43.67,3.3,32
25.53,55.21,1.28,48
24.21,53.25,1.93,55
23.07,52.86,6.03,36
25.47,60.22,6.49,55
24.68,62.05,6.01,42
28.36,58.55,2.24,72
25.35,64.56,3.88,43
22.96,61.11,17.23,25
28.28,54.05,7.79,64
24.76,52.62,5.72,47
27.09,58.74,16.97,36
24.18,60.75,19.57,21
23.75,67.26,4.21,45
26.05,65.53,7.84,42
25.92,51.6,1.55,66
27.41,55.04,1.16,63
25.25,61.16,5.03,43
20.62,64.27,2.11,36
24.91,63.17,3.88,34
28.66,55.09,7.29,63
25.46,45.51,14.74,29
25.67,47.5,7.99,42
29.43,57.62,4.25,76
24.4,58.13,20.3,26
21.96,46.55,6.37,43
26.16,55.66,11.68,47
25.24,60.31,12.37,31
23.84,46.01,5.69,52
26.25,64.03,0.41,46
28.29,52.14,3.5,62
26.82,65.19,3.65,46
27.8,50.83,5.84,62
32.35,46.86,4.92,90
25.9,51.39,5.13,58
27.79,54.28,6.12,73
25.44,51.92,7.0,49
24.44,53.29,1.24,55
25.24,57.68,6.91,53
25.56,53.63,9.72,46
28.08,54.47,20.49,34
34.05,41.33,6.73,101
24.85,58.14,11.19,35
25.74,54.3,9.11,54
26.79,67.9,3.16,53
28.15,47.52,7.05,63
27.73,40.58,16.0,63
30.77,60.01,15.45,45
19.61,57.86,15.44,25
19.7,47.05,31.07,10
25.34,42.9,9.63,68
30.09,67.47,4.32,65
22.06,66.52,9.78,25
17.69,35.34,2.78,31
28.38,51.61,8.65,59
27.35,68.63,2.64,43
23.29,51.56,3.47,46
23.55,51.49,1.1,63
23.53,53.2,8.2,46
26.71,46.55,14.91,54
24.43,41.93,6.75,51
27.72,64.05,6.12,50
17.6,40.95,3.7,43
23.52,57.74,11.96,42
22.63,62.92,13.35,42
25.16,44.28,1.64,67
24.23,48.57,7.21,46
28.14,65.75,11.67,46
20.08,60.38,4.29,33
25.7,51.26,1.38,72
27.14,65.9,2.52,60
30.93,66.02,16.55,41
23.81,58.61,13.03,36
26.12,49.35,14.17,46
19.62,53.33,1.93,42
17.74,59.03,11.59,36
27.33,55.33,17.27,28
24.66,64.45,3.5,49
28.09,44.8,5.28,96
20.31,45.19,7.44,28
25.86,58.7,8.36,37
29.77,53.43,4.48,73
25.29,52.46,12.52,36
24.72,43.44,9.36,60
23.78,57.86,2.93,54
18.9,57.4,11.96,29
27.53,63.17,5.58,36
21.49,58.62,9.65,31
24.68,57.13,3.15,54
18.33,67.74,3.32,25
19.32,47.95,1.27,42
27.01,62.87,13.65,37
21.5,45.34,11.17,46
26.74,52.14,7.47,49
21.98,49.28,1.86,45
16.53,65.38,15.21,8
24.56,58.74,9.52,49
19.95,59.3,4.48,34
23.64,50.69,8.0,51
21.44,57.3,5.47,36
16.56,53.73,9.52,20
21.51,63.06,2.69,40
27.42,52.21,0.75,72
22.13,70.93,8.9,35
20.3,47.04,9.93,40
23.51,54.14,1.27,46
20.73,74.17,0.42,39
20.54,57.43,7.53,29
16.45,50.55,9.13,26
20.23,62.98,5.3,21
22.45,57.58,2.86,43
16.64,54.86,20.57,12
23.23,52.94,8.55,38
18.48,84.02,13.52,12
15.9,60.02,2.29,30
21.36,46.79,14.91,34
17.3,74.31,8.32,25
20.24,67.42,19.23,9
16.89,56.57,9.65,17
17.38,55.4,6.67,15
18.84,68.42,5.83,17
18.03,61.23,3.61,31
10.97,47.96,5.88,26
13.39,77.84,9.77,7
19.33,60.24,10.98,24
15.94,75.85,3.14,23
14.56,74.28,1.65,24
11.85,56.22,7.82,14
12.48,72.66,1.19,13
9.45,59.36,5.97,17
15.01,49.81,1.89,32
13.31,61.52,10.67,13
12.0,68.27,4.46,22
14.49,61.56,4.93,17
15.58,62.97,1.54,28
20.56,74.75,12.64,23
9.54,66.63,7.22,14
17.34,59.2,7.41,23
16.58,71.73,1.97,11
11.12,67.87,1.07,17
13.86,46.29,3.12,25
11.67,70.05,4.37,17
13.4,69.93,3.04,19
17.17,67.13,19.28,15
14.25,74.27,12.87,7
13.76,61.92,6.09,24
10.74,70.16,3.34,11
7.38,55.1,2.34,19
11.01,71.06,5.88,17
15.06,83.59,7.59,21
6.66,60.17,4.19,21
7.88,62.22,8.39,10
11.23,62.78,3.92,19
7.71,69.66,2.31,13
8.09,60.27,8.41,12
9.01,72.31,1.02,19
5.99,75.87,1.64,17
6.98,73.52,2.7,12
11.82,55.26,3.67,25
5.61,77.52,9.79,9
4.55,77.21,1.55,10
7.27,76.5,4.94,17
11.18,73.0,7.65,19
8.22,71.92,7.19,9
7.24,78.57,9.79,7
8.59,85.84,5.06,10
3.05,62.97,3.57,8
9.6,79.36,14.21,10
9.1,70.19,3.45,19
6.55,69.98,3.06,9
10.63,58.86,2.87,16
4.07,69.01,2.78,5
10.68,63.44,16.47,14
7.6,67.84,18.3,12
5.97,62.9,10.64,14
6.77,68.22,8.65,5
6.36,68.68,3.06,14
10.19,72.83,4.13,15
3.16,59.26,1.34,8
3.96,60.73,4.97,13
9.21,75.31,1.81,17
4.18,66.15,6.82,11
8.53,81.24,3.27,10
10.8,74.55,7.25,6
4.37,77.71,2.82,16
7.49,84.25,1.1,11
1.86,70.59,2.43,6
7.47,68.57,7.71,10
5.68,80.24,8.08,4
6.39,77.44,7.5,15
2.92,71.95,6.75,13
0.0,84.67,6.09,5
6.15,71.93,9.38,6
0.0,73.98,0.44,5
3.49,73.97,15.96,6
7.17,66.4,4.87,8
4.83,74.58,9.43,7
10.0,85.21,5.71,13
7.15,77.67,3.22,9
2.03,74.42,4.58,6
3.99,72.95,2.3,4
3.69,76.95,2.67,9
0.0,80.37,8.35,5
0.87,79.3,6.85,4
1.94,71.83,0.97,8
0.0,77.14,2.76,3
3.64,78.43,4.85,4
2.69,66.58,5.73,5
0.0,76.03,20.13,2
4.55,57.43,6.72,9
5.44,78.62,0.81,15
3.93,80.08,5.96,5
2.23,80.81,1.86,8
4.94,71.7,5.03,13
5.18,77.36,21.36,3
4.03,86.3,3.93,14
0.61,86.24,10.97,3
3.89,74.72,5.91,7
6.63,76.08,15.47,7
1.24,83.87,8.76,10
9.31,62.98,11.96,9
1.43,72.41,7.64,4
3.1,85.68,3.88,7
0.98,82.8,14.28,5
3.67,77.95,7.04,6
0.0,62.95,4.09,3
1.38,74.59,3.22,7
0.0,70.25,7.22,13
3.45,77.61,12.66,6
6.05,68.47,8.12,11
5.03,66.72,4.35,12
0.0,58.38,7.9,4
9.28,84.65,10.23,9
4.07,71.65,1.28,7
0.89,76.07,1.88,4
3.74,74.76,9.57,6
3.84,66.2,1.81,11
1.36,64.63,5.03,5
4.0,66.61,6.37,8
1.64,68.83,2.47,9
2.31,77.5,5.19,8
1.53,68.14,6.44,9
0.0,88.43,13.04,3
4.16,82.62,12.13,8
5.55,80.81,7.2,9
5.41,73.32,3.58,9
6.41,86.32,12.31,7
5.0,72.4,12.6,8
2.52,73.82,3.16,2
6.72,75.36,6.74,11
0.22,79.53,4.1,5
1.69,78.94,7.38,7
1.6,69.96,2.96,12
7.83,69.41,10.15,11
7.52,78.71,7.41,8
6.26,79.22,2.97,12
8.13,70.26,9.55,16
2.39,60.61,3.55,10
6.19,71.56,1.0,13
4.89,78.1,2.43,6
7.92,87.46,10.93,3
5.16,63.33,16.68,11
4.48,69.39,16.95,5
7.39,69.58,3.74,18
8.53,83.43,5.02,12
4.03,72.19,4.17,10
5.99,65.1,5.77,13
3.14,76.71,1.74,8
0.0,68.88,3.82,13
7.21,62.2,6.76,13
8.58,64.73,10.96,17
7.69,85.62,7.19,10
1.21,74.69,4.85,5
6.16,72.35,2.48,9
0.72,69.36,11.41,3
11.64,73.56,1.51,18
4.44,73.33,1.85,10
11.63,73.28,8.86,13
10.87,71.73,9.73,10
5.5,77.62,0.4,16
4.97,70.71,4.88,11
9.6,62.56,0.82,11
6.19,65.33,5.12,11
9.2,54.25,4.31,15
7.63,86.15,14.39,7
3.91,76.69,7.97,8
2.75,62.99,8.16,6
10.3,67.23,12.84,8
8.12,64.23,13.16,12
8.33,81.51,6.47,10
12.27,57.66,3.47,26
13.89,69.77,10.56,15
9.75,67.83,10.2,9
9.73,75.15,8.8,8
12.45,67.54,6.45,15
7.07,54.15,5.08,15
12.01,66.04,13.19,8
13.19,60.11,4.3,21
13.78,68.36,3.33,22
6.13,79.03,4.83,7
9.85,53.47,2.9,23
9.7,60.82,10.23,15
12.84,62.63,6.45,20
14.18,63.83,0.88,32
17.43,72.63,7.99,23
11.66,65.15,4.96,18
11.86,69.7,5.9,24
17.01,61.2,7.05,23
14.65,67.87,3.9,25
17.77,72.08,3.3,21
15.04,59.83,8.82,19
10.91,71.77,2.07,17
10.59,65.76,2.62,18
10.14,73.54,3.13,11
16.99,63.39,11.3,19
18.77,67.88,13.54,15
20.96,64.33,3.11,29
18.15,63.71,2.67,35
19.31,66.38,6.4,22
14.29,68.43,4.95,18
12.77,53.97,10.36,20
18.99,75.27,8.33,24
17.9,48.75,17.59,18
17.17,57.98,2.77,28
18.22,62.53,10.25,17
18.23,66.42,4.31,22
21.31,75.56,2.52,28
21.55,47.91,4.25,58
19.5,58.55,4.62,40
20.6,45.43,12.73,44
19.81,62.53,1.41,47
17.08,64.29,3.19,26
20.93,74.68,6.18,31
14.67,62.75,2.38,22
22.21,69.98,16.46,27
15.66,66.13,18.18,15
20.29,57.82,5.81,19
17.09,49.87,8.84,28
21.48,63.19,14.72,34
19.9,48.89,5.22,35
15.41,71.03,8.48,23
21.64,59.22,2.12,45
18.83,69.93,0.92,23
23.39,56.37,11.1,32
20.93,62.21,5.47,37
22.29,61.59,17.82,23
18.41,59.41,3.62,34
19.69,56.16,1.96,40
20.25,62.62,10.36,27
24.37,51.92,16.88,37
27.0,49.52,2.14,70
19.72,69.0,2.74,38
25.53,64.73,14.34,38
15.96,59.31,21.52,12
19.04,71.97,8.53,18
19.91,56.37,3.36,46
18.88,68.97,13.5,15
18.34,59.66,4.69,28
24.48,49.93,3.45,50
22.75,72.79,3.88,31
24.68,65.81,9.44,21
25.76,56.8,6.06,48
24.62,63.46,8.19,34
25.94,54.3,10.56,40
23.89,64.05,4.89,40
20.67,38.18,11.5,33
27.54,49.04,5.89,59
22.72,64.92,3.93,32
21.81,54.99,1.57,45
24.2,58.54,4.72,45
22.12,46.01,15.35,36
23.72,71.47,10.19,20
26.12,66.12,8.15,29
26.24,54.9,2.32,67
22.61,53.17,3.83,36
23.95,64.56,9.23,42
28.73,72.1,10.87,34
27.1,63.79,10.35,39
31.93,73.45,7.05,56
29.34,48.62,3.06,67
29.32,49.37,10.89,68
21.81,46.35,3.8,44
28.34,59.32,10.99,45
25.97,57.13,4.73,29
24.55,54.45,17.23,32
26.78,62.08,4.35,43
29.18,65.4,4.28,71
27.92,43.28,5.51,65
23.84,50.66,3.09,54
28.76,61.95,2.63,66
24.68,51.6,3.01,50
27.29,48.91,13.99,34
25.78,63.41,2.79,59
26.08,44.91,4.31,60
29.07,52.77,22.8,25
23.69,57.78,11.22,36
32.68,50.54,11.09,66
21.42,61.37,20.59,17
25.11,50.53,5.39,63
28.04,66.33,0.99,67
28.7,54.03,10.39,62
26.67,60.4,4.96,51
26.81,60.98,22.94,24
28.22,49.99,0.85,80
26.3,38.57,2.64,56
31.18,57.89,3.69,80
29.52,55.58,5.47,77
29.61,59.45,1.79,86
24.09,53.2,7.6,48
26.74,51.58,3.52,56
26.06,71.1,11.74,33
23.92,43.27,14.64,28
28.0,60.94,4.52,49
25.28,50.49,8.52,49
28.83,52.43,5.85,78
23.62,52.6,5.53,41
31.95,48.74,1.66,115
24.07,59.77,5.3,46
27.37,66.37,10.93,35
29.04,59.04,7.74,56
24.9,56.15,2.7,58
29.12,47.47,1.67,80
22.82,59.55,5.15,41
30.8,72.71,3.15,67
26.42,52.47,3.47,48
24.52,52.56,3.2,55
25.35,51.14,5.91,54
28.6,51.78,8.94,72
24.34,33.79,3.05,67
23.76,59.06,2.94,40
25.26,49.13,1.96,69
22.31,43.08,6.66,40
31.21,62.07,10.75,51
23.96,47.46,5.36,48
28.05,53.49,8.97,62
26.09,68.01,12.84,29
22.4,45.09,6.99,51
25.23,44.2,2.76,68
27.49,58.7,2.5,75
24.47,65.84,2.9,42
28.5,44.14,18.63,47
27.86,60.1,22.18,22
27.43,61.58,4.38,58
23.18,40.56,12.4,41
21.19,63.53,13.95,21
22.46,64.26,1.7,53
24.76,54.87,17.93,32
25.67,67.49,4.81,56
17.38,66.68,4.62,27
23.73,58.53,2.03,41
24.09,54.21,18.71,24
22.63,50.16,6.17,47
27.19,57.77,17.48,31
24.43,62.75,13.37,41
26.95,55.73,4.44,55
22.21,40.87,6.32,51
25.52,68.73,3.42,45
27.45,60.23,3.77,57
26.32,55.81,8.06,57
18.94,65.84,9.97,26
21.29,71.32,0.95,46
20.85,36.85,0.99,58
23.18,62.88,3.86,48
23.6,48.13,7.23,47
18.85,63.69,14.1,16
21.4,60.86,6.1,35
14.96,65.07,4.79,19
25.16,56.14,8.86,47
19.12,45.3,2.72,44
20.64,56.84,6.21,31
19.36,63.85,5.27,27
23.54,68.87,6.58,30
11.4,51.53,12.92,15
19.67,69.28,1.17,35
19.22,56.04,5.5,27
17.98,64.28,9.95,22
24.33,57.46,8.44,33
16.29,63.16,1.29,32
21.07,69.0,0.98,33
19.63,52.22,9.45,31
22.15,56.76,1.23,30
16.16,63.84,6.3,25
15.77,81.74,12.34,13
21.05,55.79,1.58,40
18.84,79.19,17.54,15
12.73,79.07,9.23,18
15.54,62.42,30.47,12
18.11,60.99,3.97,30
19.26,58.01,14.54,24
14.51,63.17,4.33,14
7.6,52.63,6.01,20
17.7,63.44,3.35,25
12.27,76.2,5.8,22
9.67,59.51,11.22,8
7.02,62.64,17.95,6
17.75,51.13,2.8,31
15.49,67.91,6.72,15
14.22,67.2,3.72,24
18.86,65.77,6.99,18
16.4,63.7,12.38,22
19.13,63.26,3.99,25
9.89,69.79,8.17,8
13.76,65.71,2.65,16
8.81,68.64,13.08,8
12.77,68.01,10.2,15
12.5,75.45,3.07,14
14.93,72.04,3.01,18
12.98,68.34,15.11,9
14.51,79.11,21.39,8
14.55,70.5,3.19,32
18.7,77.74,11.27,17
11.09,72.33,4.47,16
9.01,52.9,15.13,10
12.38,78.24,4.66,10
9.03,69.05,9.64,15
15.69,67.72,6.56,20
10.2,70.54,0.66,16
9.16,65.7,2.83,23
9.25,70.43,9.51,13
12.62,64.04,8.72,16
9.8,79.13,7.22,10
8.16,68.18,18.38,6
14.9,66.19,10.74,12
7.15,62.01,9.83,8
9.64,71.71,0.65,17
11.3,71.21,11.12,6
4.27,72.97,1.37,13
10.43,61.79,5.81,21
5.64,57.35,1.39,9
11.1,75.31,8.32,16
5.57,82.33,12.73,8
10.36,62.39,5.45,14
11.43,83.45,5.59,7
10.53,73.15,2.59,25
8.53,70.96,12.58,10
6.92,67.97,1.53,12
5.73,60.21,6.57,14
11.71,79.32,5.39,15
5.04,65.35,7.73,14
3.87,65.44,10.37,4
8.83,79.74,5.15,9
4.29,56.87,11.17,8
3.68,59.87,5.67,8
2.06,72.03,7.54,6
4.8,74.64,2.2,10
5.86,76.29,4.16,11
6.7,70.11,1.22,15
8.69,92.88,6.12,10
7.28,70.93,9.96,7
5.0,71.01,4.96,8
4.85,66.59,5.42,8
6.85,74.06,7.83,4
9.02,78.09,8.46,6
5.46,82.89,1.16,9
3.56,61.44,3.55,12
1.88,71.48,1.38,16
0.41,77.12,4.25,10
6.64,78.33,16.18,4
6.27,73.77,10.06,10
6.17,78.14,5.8,10
3.96,67.41,19.23,8
8.47,86.42,7.3,9
2.71,81.97,26.23,2
6.94,63.35,6.46,6
3.87,65.58,3.54,6
2.08,65.87,2.04,11
5.61,79.73,9.32,4
4.99,64.09,4.22,13
4.76,71.78,6.45,12
3.86,78.12,8.29,6
3.44,74.01,2.81,10
10.66,76.66,7.21,9
6.99,66.11,5.02,10
5.55,79.44,1.47,10
3.67,69.82,8.61,17
6.31,72.16,9.43,8
4.8,76.7,14.18,5
3.28,75.65,2.1,6
2.26,75.05,21.7,3
2.89,68.88,3.07,8
0.0,72.51,0.76,8
3.71,74.95,5.99,3
1.59,63.95,7.73,10
7.82,71.27,5.19,13
3.08,78.08,2.07,5
0.0,64.77,3.96,8
2.86,84.25,7.4,4
0.0,85.16,23.82,4
4.42,65.04,2.17,15
3.88,85.86,3.51,9
5.88,73.84,1.67,7
0.65,78.33,4.25,8
3.13,71.0,5.48,9
0.0,82.34,11.69,4
5.17,78.19,7.51,10
4.65,68.41,15.68,9
4.61,65.58,5.67,11
3.16,63.19,0.15,9
4.43,76.35,7.77,13
8.04,79.39,1.06,17
2.41,79.99,11.44,7
3.73,73.8,5.67,8
0.1,65.44,3.38,6
0.81,69.2,1.92,10
3.76,83.83,3.81,9
6.84,70.69,5.47,10
2.82,75.66,19.7,5
2.95,65.85,5.12,10
2.5,77.09,6.89,9
2.19,70.68,5.35,6
4.75,82.65,6.9,8
0.0,80.4,6.59,3
7.87,70.18,5.75,14
2.12,73.06,3.28,7
6.37,69.59,9.57,6
0.49,62.56,2.17,7
6.4,66.98,8.35,13
6.51,75.34,9.7,8
5.74,76.28,0.82,9
1.71,74.78,1.98,11
5.55,71.08,0.96,6
1.36,80.87,13.76,7
4.27,73.82,3.69,6
8.23,78.84,13.25,5
7.65,58.93,4.39,21
5.43,41.63,2.35,19
2.58,75.18,3.14,6
7.57,61.4,6.5,21
5.83,70.99,9.62,11
0.0,70.17,5.9,4
8.38,85.17,11.16,3
6.1,75.55,5.02,15
9.92,73.56,5.48,16
3.17,78.81,2.96,3
0.0,74.94,2.69,8
7.59,68.21,10.09,8
7.78,80.32,2.18,11
1.99,62.74,4.38,11
4.28,74.07,10.44,10
15.64,58.97,1.19,39
6.62,72.85,14.0,9
9.89,72.63,2.38,14
5.91,84.36,14.04,9
1.76,58.29,2.18,3
7.69,65.86,10.07,8
7.57,77.11,3.61,14
7.34,73.06,20.21,13
8.38,71.68,4.76,16
9.69,62.44,1.91,14
8.62,65.21,8.35,11
5.46,79.75,3.95,13
10.9,69.22,8.98,9
3.77,72.49,13.89,9
3.66,68.41,10.27,9
12.21,59.71,1.11,29
11.7,76.49,2.13,24
10.2,72.88,7.03,14
6.38,87.14,7.58,10
8.63,60.41,1.72,18
10.16,74.96,2.34,16
6.36,57.72,14.61,5
9.12,69.31,3.26,12
13.5,75.7,9.57,11
16.02,51.14,12.55,20
10.68,65.91,3.16,14
14.41,62.88,5.33,19
6.59,61.6,9.59,7
14.52,70.13,1.1,23
10.33,75.85,4.55,10
13.87,65.65,13.45,18
12.41,68.19,7.44,13
17.31,67.29,7.51,16
10.93,66.22,11.2,9
15.65,57.32,3.56,22
13.13,74.73,2.26,12
13.7,68.05,7.14,20
13.83,68.68,3.79,15
12.05,58.89,3.59,20
14.75,61.5,2.19,15
14.81,63.59,8.3,21
15.93,52.55,4.88,17
15.67,51.15,2.24,37
18.01,59.68,11.68,19
18.6,68.49,4.32,27
12.88,58.92,8.44,19
18.84,55.82,17.03,20
12.88,57.28,11.55,18
18.41,59.98,15.8,13
18.71,60.63,11.39,31
11.32,80.61,4.57,7
17.54,71.55,2.81,17
16.06,71.15,4.38,22
15.39,72.13,4.64,21
21.92,54.62,13.83,32
16.1,52.67,3.87,32
15.84,53.43,1.74,30
18.69,72.79,6.84,21
20.72,57.57,5.99,24
18.43,51.78,2.94,37
22.55,58.18,4.16,51
20.84,59.55,16.13,29
12.9,63.45,8.27,13
18.04,63.15,4.44,33
18.13,54.36,2.92,37
21.44,66.31,21.95,12
12.32,55.56,18.39,14
28.03,59.27,10.87,46
22.16,65.86,4.82,36
21.19,55.08,2.8,41
24.47,55.51,2.89,49
28.14,64.65,4.77,58
23.89,52.9,3.86,60
24.3,56.54,5.68,48
22.02,63.92,5.47,32
21.38,75.77,2.42,35
20.54,64.04,2.5,34
19.66,62.83,4.47,29
20.24,63.16,5.36,42
18.41,50.19,15.22,23
22.4,59.57,7.14,32
17.73,58.28,6.94,26
23.51,60.96,7.35,37
22.98,59.19,12.82,33
23.69,61.17,40.0,14
21.83,55.51,3.61,41
32.77,58.35,20.84,38
27.76,47.94,1.51,83
20.09,55.09,4.51,46
24.66,68.66,2.19,37
22.28,59.97,9.37,37
21.19,57.14,11.32,37
20.34,72.37,1.75,21
25.79,46.2,12.32,49
22.57,48.11,7.48,45
27.64,70.59,10.4,40
27.84,57.15,13.59,45
29.1,54.75,9.57,62
22.53,47.0,1.43,56
26.62,60.08,4.15,61
27.2,60.77,1.64,69
23.99,47.57,0.73,61
23.2,55.12,2.06,56
30.44,53.48,4.43,82
26.39,58.13,19.79,24
27.7,47.05,5.61,62
23.42,65.95,7.52,27
22.31,63.19,3.71,39
24.34,52.88,4.86,46
25.76,53.99,6.05,48
23.01,54.57,4.65,50
26.25,49.37,8.71,57
21.28,52.0,3.38,50
23.05,53.33,1.52,57
28.49,68.34,1.19,54
28.34,62.96,10.72,36
25.41,62.82,0.33,61
23.59,58.26,4.79,54
23.61,46.32,2.14,57
25.61,54.89,8.94,50
28.71,62.95,5.75,43
29.6,45.09,5.86,69
25.36,60.22,6.25,50
23.42,73.68,6.09,41
27.71,63.57,1.51,61
24.46,66.37,3.89,31
25.4,56.79,2.7,57
30.94,62.77,3.15,73
29.46,49.27,6.16,69
27.46,61.37,10.77,35
23.18,60.24,10.51,27
27.63,57.32,6.98,63
30.19,65.53,4.09,73
25.87,50.69,5.85,47
31.04,53.51,9.59,70
30.85,55.78,3.13,76
31.95,46.8,5.67,85
27.86,56.86,3.69,66
28.68,41.32,3.09,97
31.14,63.46,5.41,65
28.21,55.49,4.1,72
25.33,50.97,7.1,39
25.45,48.5,4.15,52
27.47,53.33,5.03,64
22.84,60.75,1.51,50
26.24,59.66,9.9,36
29.9,49.68,10.03,59
19.99,48.6,2.69,41
31.11,60.67,2.91,100
29.81,49.68,6.4,79
25.0,56.0,3.8,48
27.94,56.56,6.93,65
26.25,58.13,14.32,34
29.86,62.56,2.81,71
29.04,45.65,10.44,64
21.81,40.53,2.4,46
27.69,51.35,3.13,65
25.22,70.38,6.44,44
26.0,72.22,8.64,35
23.47,70.77,14.03,26
30.8,54.66,17.34,39
28.58,42.03,4.47,83
23.14,37.62,5.62,66
21.25,51.54,7.2,36
23.99,54.96,5.43,56
26.33,67.05,4.43,46
25.64,63.68,3.6,47
28.56,58.65,8.72,50
27.05,49.82,14.1,40
27.46,49.35,1.33,52
25.41,59.18,4.73,44
20.13,62.83,1.37,34
23.58,60.5,8.35,41
27.21,49.2,3.07,70
23.74,62.79,12.81,31
25.26,61.11,5.02,62
22.66,49.26,8.43,23
20.38,51.67,2.76,33
22.95,63.58,6.25,34
24.1,56.32,6.2,47
21.05,71.03,7.53,27
22.15,62.46,3.4,46
19.89,54.69,12.06,25
25.9,58.63,7.22,40
21.5,59.35,13.65,27
26.58,53.16,1.54,53
26.64,51.82,6.29,66
21.64,64.87,4.87,30
18.69,66.17,17.59,11
15.29,64.38,8.86,26
16.95,71.82,5.5,20
17.07,55.51,8.48,24
25.15,73.38,3.99,36
21.18,52.93,7.75,37
21.82,52.19,24.25,22
13.81,46.36,3.57,30
16.69,57.03,6.21,23
22.76,56.72,2.97,50
20.77,65.11,2.55,26
19.28,63.02,10.52,28
21.23,51.68,2.03,42
24.25,58.24,7.66,46
18.48,58.57,10.07,20
19.16,47.5,4.12,44
19.34,54.02,13.33,21
25.74,55.87,12.54,51
12.06,73.67,4.1,13
20.21,63.89,1.74,38
17.62,67.83,8.09,17
19.46,50.71,5.37,47
15.59,72.42,6.49,27
17.21,73.44,8.03,18
19.29,47.22,1.45,46
26.29,57.73,3.92,54
19.17,67.51,16.4,26
14.0,68.87,6.64,13
